nome_completo,url,estrelas,idade_anos,total_releases,tamanho_kb,loc_total,loc_media,loc_mediana,cbo_media,cbo_mediana,cbo_desvio_padrao,dit_media,dit_mediana,dit_desvio_padrao,lcom_media,lcom_mediana,lcom_desvio_padrao
GrowingGit/GitHub-Chinese-Top-Charts,https://github.com/GrowingGit/GitHub-Chinese-Top-Charts,107111,6.5544,0,123199,5,5.0,5.0,0.0,0.0,0.0,1.0,1.0,0.0,0.0,0.0,0.0
macrozheng/mall,https://github.com/macrozheng/mall,83249,7.9754,3,58728,100903,132.7671,31.5,3.9342,3.0,4.9636,1.2395,1.0,0.4389,1110.8039,13.0,8150.188
doocs/advanced-java,https://github.com/doocs/advanced-java,78917,7.4689,1,26643,5,5.0,5.0,0.0,0.0,0.0,1.0,1.0,0.0,0.0,0.0,0.0
iluwatar/java-design-patterns,https://github.com/iluwatar/java-design-patterns,93837,11.6277,0,47543,37970,19.0804,11.0,3.3623,3.0,2.6059,1.196,1.0,0.5293,1.8276,0.0,6.3509
krahets/hello-algo,https://github.com/krahets/hello-algo,124039,3.3895,10,463249,7707,35.8465,30.0,1.8744,2.0,1.5091,1.0,1.0,0.0,4.707,1.0,10.4335
kdn251/interviews,https://github.com/kdn251/interviews,64936,9.1088,0,24462,5621,21.8716,20.0,1.1946,1.0,1.2511,1.0039,1.0,0.0623,0.2918,0.0,0.9276
TheAlgorithms/Java,https://github.com/TheAlgorithms/Java,65281,9.692,0,7336,72867,41.1446,28.0,2.0779,2.0,1.4747,1.0384,1.0,0.2596,11.205,1.0,37.1112
MisterBooo/LeetCodeAnimation,https://github.com/MisterBooo/LeetCodeAnimation,76703,7.3018,0,509807,78,19.5,18.5,1.0,1.0,0.0,1.0,1.0,0.0,0.0,0.0,0.0
termux/termux-app,https://github.com/termux/termux-app,52517,10.423,95,5124,24563,76.5202,31.0,5.9128,4.0,7.1759,1.4299,1.0,0.7031,60.8255,0.0,236.0028
ReactiveX/RxJava,https://github.com/ReactiveX/RxJava,48466,13.2074,258,162967,373337,31.3808,5.0,2.3338,1.0,5.1487,1.3222,1.0,0.8871,47.8836,0.0,1822.838
skylot/jadx,https://github.com/skylot/jadx,47801,13.0212,34,25464,138367,44.9098,18.0,4.3681,3.0,6.4786,1.6475,1.0,1.2379,32.2957,0.0,317.2503
PhilJay/MPAndroidChart,https://github.com/PhilJay/MPAndroidChart,38228,11.9179,44,21593,21111,68.9902,25.0,8.8431,5.0,9.9903,1.9804,1.0,1.2286,91.0327,1.0,516.9505
google/guava,https://github.com/google/guava,51507,11.8248,57,1354819,247771,41.4749,10.0,4.0832,2.0,5.5176,1.7852,1.0,2.1169,51.6138,0.0,463.6105
halo-dev/halo,https://github.com/halo-dev/halo,38150,8.0137,254,84279,56028,35.0394,17.0,7.4934,5.0,7.1552,1.2376,1.0,0.599,7.6554,0.0,31.3998
TeamNewPipe/NewPipe,https://github.com/TeamNewPipe/NewPipe,37662,10.5572,141,86335,38887,77.1567,26.0,8.2698,5.0,9.854,1.7183,1.0,1.1443,47.873,1.0,249.1538
alibaba/arthas,https://github.com/alibaba/arthas,37214,7.5729,69,65979,65589,48.8377,20.0,4.65,3.0,5.7467,1.3619,1.0,0.7523,30.1988,0.0,149.814
NationalSecurityAgency/ghidra,https://github.com/NationalSecurityAgency/ghidra,66186,7.0691,52,406910,1826041,76.4962,26.0,7.1426,4.0,8.8245,1.8091,1.0,1.46,126.0222,1.0,6674.1887
YunaiV/ruoyi-vue-pro,https://github.com/YunaiV/ruoyi-vue-pro,36041,5.1663,54,189805,132355,26.121,11.0,8.1674,6.0,7.5638,1.2226,1.0,0.4341,13.5865,0.0,435.8588
geekxh/hello-algorithm,https://github.com/geekxh/hello-algorithm,36038,5.8234,0,365053,61,20.3333,26.0,1.0,1.0,0.8165,1.0,1.0,0.0,0.0,0.0,0.0
airbnb/lottie-android,https://github.com/airbnb/lottie-android,35602,9.4648,63,137398,18159,62.4021,24.0,6.7732,5.0,8.1958,1.2887,1.0,0.6468,35.8007,0.0,301.9652
ashishps1/awesome-system-design-resources,https://github.com/ashishps1/awesome-system-design-resources,35559,2.4175,0,2340,336,30.5455,26.0,0.8182,1.0,0.575,1.0,1.0,0.0,0.0,0.0,0.0
netty/netty,https://github.com/netty/netty,34899,15.3758,3,109130,389063,49.6888,12.0,4.3427,2.0,5.7429,1.5117,1.0,1.1676,69.0396,0.0,1152.6316
SeleniumHQ/selenium,https://github.com/SeleniumHQ/selenium,34183,13.191,114,2332158,99512,47.7276,20.0,5.6504,4.0,6.8089,1.377,1.0,1.0401,33.5012,1.0,285.2719
xkcoding/spring-boot-demo,https://github.com/xkcoding/spring-boot-demo,34113,8.3723,0,14194,7163,14.861,7.0,5.0519,4.0,3.9978,1.1307,1.0,0.488,2.3216,0.0,9.8046
alibaba/easyexcel,https://github.com/alibaba/easyexcel,33770,8.1314,14,26334,20545,36.6875,15.0,6.1482,5.0,5.4868,1.375,1.0,0.8337,32.025,1.0,355.3508
Blankj/AndroidUtilCode,https://github.com/Blankj/AndroidUtilCode,33707,9.6537,117,47329,39995,59.694,14.0,4.006,2.0,5.4767,1.3582,1.0,0.8286,144.9537,0.0,959.788
zxing/zxing,https://github.com/zxing/zxing,33902,14.4531,32,243541,40219,67.1436,31.0,4.8531,4.0,4.6842,1.6511,2.0,0.749,22.8114,0.0,130.3261
doocs/leetcode,https://github.com/doocs/leetcode,35825,7.5236,21,759853,4762,27.686,24.0,2.6919,2.0,1.9717,1.0058,1.0,0.076,0.3663,0.0,0.8691
binarywang/WxJava,https://github.com/binarywang/WxJava,32672,10.2177,31,20088,123627,22.5885,10.0,5.421,4.0,6.525,1.2121,1.0,0.4398,20.956,0.0,237.7352
conductor-oss/conductor,https://github.com/conductor-oss/conductor,31566,2.2971,44,36650,95291,71.1658,30.0,7.4145,6.0,7.7692,1.2248,1.0,0.4959,61.1359,0.0,335.2544
ityouknow/spring-boot-examples,https://github.com/ityouknow/spring-boot-examples,30638,9.3854,0,1074,3811,15.0039,7.0,4.7087,4.0,3.1799,1.0315,1.0,0.1747,5.7598,0.0,17.7687
xuxueli/xxl-job,https://github.com/xuxueli/xxl-job,29996,10.3244,43,39029,8763,50.9477,25.5,4.9884,3.0,5.5865,1.157,1.0,0.4089,24.4535,0.0,101.6776
apolloconfig/apollo,https://github.com/apolloconfig/apollo,29768,10.0589,43,57263,36562,46.5758,27.0,7.3134,6.0,6.8,1.2369,1.0,0.6657,15.4561,0.0,58.3986
chinabugotech/hutool,https://github.com/chinabugotech/hutool,30332,11.9507,157,74867,135824,49.8071,18.0,3.4243,2.0,3.7716,1.2787,1.0,0.7461,101.0689,0.0,952.4675
alibaba/canal,https://github.com/alibaba/canal,29645,13.1964,32,24253,112746,106.9696,30.0,5.7135,4.0,6.3598,1.3767,1.0,0.817,77.0342,1.0,466.1074
wuyouzhuguli/SpringAll,https://github.com/wuyouzhuguli/SpringAll,29012,7.8987,0,1069,6011,15.9443,11.0,5.2255,4.0,4.2601,1.1114,1.0,0.369,3.7188,0.0,11.8438
yuliskov/SmartTube,https://github.com/yuliskov/SmartTube,29101,5.6591,987,104606,244100,74.2397,21.0,6.4526,4.0,7.8091,1.5222,1.0,1.4218,66.3105,1.0,456.5855
lenve/vhr,https://github.com/lenve/vhr,28099,8.2218,0,8480,2971,31.6064,20.0,4.4362,2.0,5.8119,1.0213,1.0,0.1443,48.3298,6.0,224.5907
apache/kafka,https://github.com/apache/kafka,32236,14.6119,0,284357,726506,81.9244,27.0,7.855,4.0,13.2507,1.3481,1.0,0.8432,64.9316,0.0,1205.4486
crossoverJie/JCSprout,https://github.com/crossoverJie/JCSprout,27002,8.271,0,1191,4399,27.1543,15.0,1.963,1.0,1.8522,1.0926,1.0,0.3652,1.7654,0.0,6.3387
qiurunze123/miaosha,https://github.com/qiurunze123/miaosha,26604,7.5291,0,65716,7117,28.468,13.0,3.716,3.0,4.2004,1.144,1.0,0.4138,13.28,0.0,83.2041
alibaba/druid,https://github.com/alibaba/druid,28218,14.3929,52,93905,349873,58.615,21.0,5.189,4.0,12.8795,1.6321,2.0,0.8838,229.3545,0.0,5182.4204
kestra-io/kestra,https://github.com/kestra-io/kestra,26600,6.5873,420,105397,83645,36.4149,14.0,8.0514,6.0,8.5416,1.4345,1.0,0.8087,15.3674,0.0,102.9934
apache/incubator-seata,https://github.com/apache/incubator-seata,25966,7.2416,45,31232,279101,66.8185,25.0,6.3989,4.0,20.7426,1.7505,1.0,14.0974,459.6359,2.0,14690.5594
alibaba/fastjson,https://github.com/alibaba/fastjson,25701,14.3929,84,15513,206496,32.6373,13.0,1.8401,1.0,2.767,1.5042,1.0,0.7129,126.1212,0.0,3281.707
JakeWharton/butterknife,https://github.com/JakeWharton/butterknife,25413,13.0568,0,3909,7712,28.3529,8.0,3.9596,2.0,6.4021,1.2353,1.0,0.7095,10.4816,0.0,75.667
CodePhiliaX/Chat2DB,https://github.com/CodePhiliaX/Chat2DB,25281,2.7652,43,18790,35180,33.6651,11.0,6.0239,4.0,6.7924,1.266,1.0,0.5603,16.49,0.0,84.796
scwang90/SmartRefreshLayout,https://github.com/scwang90/SmartRefreshLayout,25174,8.8131,14,274026,18146,53.2141,12.0,6.651,3.0,7.5802,1.5073,1.0,0.848,30.3196,0.0,294.6145
jenkinsci/jenkins,https://github.com/jenkinsci/jenkins,25132,15.3374,486,171304,186704,45.2945,16.0,6.2094,4.0,8.2151,1.9175,2.0,1.755,46.516,0.0,909.8337
DrKLO/Telegram,https://github.com/DrKLO/Telegram,28762,12.4162,95,644215,1705162,119.7361,18.0,6.841,4.0,13.6739,1.6698,1.0,18.0526,70.4877,0.0,1381.0594
bazelbuild/bazel,https://github.com/bazelbuild/bazel,25263,11.7864,248,1002825,598422,55.6465,18.0,7.4749,5.0,10.2613,1.607,1.0,1.3158,71.0417,1.0,960.7748
proxyee-down-org/proxyee-down,https://github.com/proxyee-down-org/proxyee-down,24787,8.4162,49,26864,3392,56.5333,36.5,5.5167,4.0,6.1711,1.4667,1.0,0.9214,19.5167,2.0,49.3124
greenrobot/EventBus,https://github.com/greenrobot/EventBus,24748,13.692,7,1742,5269,28.7923,8.0,3.4262,3.0,3.0575,1.8361,1.0,1.4202,9.0546,0.0,34.9863
google/gson,https://github.com/google/gson,24349,11.0198,12,13887,34834,32.1051,8.0,3.0065,2.0,4.4273,1.2848,1.0,1.0237,20.7253,0.0,381.6623
Netflix/Hystrix,https://github.com/Netflix/Hystrix,24467,13.3443,79,9828,62010,30.9277,8.0,3.0698,1.0,5.0681,1.5586,1.0,3.583,20.2539,0.0,385.1452
LSPosed/LSPosed,https://github.com/LSPosed/LSPosed,23245,5.2841,39,21605,22780,53.7264,12.0,5.4505,3.0,7.2014,1.6344,1.0,1.2667,48.4552,0.0,320.577
dataease/dataease,https://github.com/dataease/dataease,23679,5.1417,105,321024,44902,39.6661,9.0,4.9735,3.0,7.5346,1.2049,1.0,0.6754,28.4187,0.0,184.8594
doocs/source-code-hunter,https://github.com/doocs/source-code-hunter,23136,6.4093,0,103137,5,5.0,5.0,0.0,0.0,0.0,1.0,1.0,0.0,0.0,0.0,0.0
ashishps1/awesome-low-level-design,https://github.com/ashishps1/awesome-low-level-design,22924,2.3546,0,15707,14621,18.4376,13.0,2.633,2.0,2.5499,1.1387,1.0,0.4331,3.0542,0.0,11.137
redisson/redisson,https://github.com/redisson/redisson,24278,12.2026,179,34714,176016,58.3221,14.0,5.7366,3.0,10.4615,1.3304,1.0,0.7509,174.2157,0.0,1612.6161
kunal-kushwaha/DSA-Bootcamp-Java,https://github.com/kunal-kushwaha/DSA-Bootcamp-Java,22383,4.6543,0,101640,6614,26.1423,16.0,1.2688,1.0,1.2379,1.083,1.0,0.3401,3.502,1.0,10.9889
elunez/eladmin,https://github.com/elunez/eladmin,21936,7.2799,1,7511,8070,28.617,11.0,7.7872,5.0,7.4637,1.1631,1.0,0.4476,6.2589,0.0,19.5289
apache/rocketmq,https://github.com/apache/rocketmq,22387,9.3169,24,45867,236196,78.2884,29.0,6.9208,4.0,10.5753,1.3281,1.0,0.7371,136.5157,1.0,2871.4016
CarGuo/GSYVideoPlayer,https://github.com/CarGuo/GSYVideoPlayer,21431,9.3634,65,363718,32667,48.4674,12.0,4.7463,2.0,6.4476,1.3501,1.0,0.8521,52.3457,0.0,301.1958
google/ExoPlayer,https://github.com/google/ExoPlayer,21936,11.781,28,483311,262348,79.9598,25.0,7.4246,5.0,8.7196,1.2902,1.0,1.0065,52.2201,0.0,493.0635
brettwooldridge/HikariCP,https://github.com/brettwooldridge/HikariCP,21078,12.4627,0,5042,11464,61.9676,24.0,4.3838,3.0,4.1848,1.2865,1.0,0.6568,172.6703,0.0,1404.849
didi/DoKit,https://github.com/didi/DoKit,20434,7.614,14,58616,80480,51.2938,14.0,4.4257,2.0,5.653,1.3174,1.0,0.8312,71.7667,0.0,634.1968
mybatis/mybatis-3,https://github.com/mybatis/mybatis-3,20401,13.1088,46,158587,61067,34.7762,16.0,3.4994,2.0,4.834,1.2221,1.0,0.7204,21.2711,0.0,249.0073
linlinjava/litemall,https://github.com/linlinjava/litemall,20209,8.011,8,24604,90884,147.2998,37.0,4.4797,3.0,5.6036,1.1264,1.0,0.3323,1532.8849,1.0,9394.9777
ReactiveX/RxAndroid,https://github.com/ReactiveX/RxAndroid,20181,11.6003,20,1052,1452,26.4,6.0,2.2727,1.0,3.7536,1.1273,1.0,0.4287,3.0909,0.0,11.1311
dianping/cat,https://github.com/dianping/cat,18971,13.3032,3,114117,97949,51.8249,26.0,5.3032,4.0,5.7819,1.4111,1.0,0.6545,23.0587,1.0,104.231
lionsoul2014/ip2region,https://github.com/lionsoul2014/ip2region,18872,10.3956,22,232368,2571,53.5625,26.5,4.1042,4.0,2.9029,1.2083,1.0,0.5758,11.375,0.0,34.1313
Baseflow/PhotoView,https://github.com/Baseflow/PhotoView,18859,13.6893,5,16896,1792,39.8222,14.0,4.7333,3.0,5.4829,1.3556,1.0,0.5639,24.6,0.0,155.5014
antlr/antlr4,https://github.com/antlr/antlr4,18806,16.1369,31,70649,41022,61.9668,20.0,5.6949,3.0,7.1249,1.8308,1.0,1.1628,48.3021,0.0,192.7177
dromara/Sa-Token,https://github.com/dromara/Sa-Token,18707,6.141,39,9676,27350,35.7984,16.0,4.3992,3.0,4.4184,1.2199,1.0,0.7718,60.2238,1.0,694.7088
Tencent/APIJSON,https://github.com/Tencent/APIJSON,18409,9.3415,112,73489,13927,198.9571,19.0,5.9143,3.0,8.6102,1.2429,1.0,0.6641,1169.3286,5.5,5383.5843
LMAX-Exchange/disruptor,https://github.com/LMAX-Exchange/disruptor,18273,13.5086,14,10129,13167,32.1146,13.0,4.4049,3.0,4.7659,1.2756,1.0,0.768,25.8829,0.0,224.4253
YunaiV/yudao-cloud,https://github.com/YunaiV/yudao-cloud,18710,6.8994,40,49803,130630,25.5436,11.0,8.1291,6.0,7.4983,1.2137,1.0,0.4281,13.4505,0.0,433.854
Tencent/tinker,https://github.com/Tencent/tinker,17819,9.5496,60,7220,40447,77.7827,28.0,4.6981,2.5,7.0175,1.5981,1.0,2.5004,28.4712,0.0,110.8851
forezp/SpringCloudLearning,https://github.com/forezp/SpringCloudLearning,17978,8.9637,0,582,1113,7.8936,5.0,4.5319,4.0,2.3476,1.0496,1.0,0.2172,0.5816,0.0,1.8875
infinilabs/analysis-ik,https://github.com/infinilabs/analysis-ik,17435,14.2752,1,15503,2980,72.6829,32.0,4.9268,4.0,4.0024,1.3415,1.0,0.4742,20.6585,4.0,40.4955
openzipkin/zipkin,https://github.com/openzipkin/zipkin,17418,13.8015,98,77861,38972,47.5268,23.0,6.272,5.0,5.168,1.4793,1.0,1.4528,19.3695,1.0,73.7353
ben-manes/caffeine,https://github.com/ben-manes/caffeine,17574,11.2827,72,110946,91146,64.7344,15.5,4.8601,3.0,6.2739,1.5497,1.0,1.389,166.4339,0.0,1805.0509
williamfiset/Algorithms,https://github.com/williamfiset/Algorithms,18540,9.0212,0,1297950,32753,72.7844,50.0,2.6422,2.0,1.7304,1.0556,1.0,0.2291,23.8533,3.0,72.5448
justauth/JustAuth,https://github.com/justauth/JustAuth,17416,7.1485,46,9626,6054,30.5758,17.0,5.5101,2.0,6.0166,1.3434,1.0,0.5802,12.9848,6.0,19.4826
gyoogle/tech-interview-for-developer,https://github.com/gyoogle/tech-interview-for-developer,17232,6.7953,0,6616,636,48.9231,42.0,1.3077,1.0,0.7216,1.0,1.0,0.0,0.9231,0.0,2.9211
baomidou/mybatis-plus,https://github.com/baomidou/mybatis-plus,17324,9.6016,40,32051,39158,37.4359,14.0,5.6874,3.0,9.3069,1.3193,1.0,0.767,25.0593,0.0,151.4262
facebook/fresco,https://github.com/facebook/fresco,17163,11.0664,55,80003,46491,46.4446,17.0,6.4575,5.0,6.3416,1.4136,1.0,0.8899,27.1828,0.0,120.0643
nostra13/Android-Universal-Image-Loader,https://github.com/nostra13/Android-Universal-Image-Loader,17056,14.3272,0,27133,7434,53.1,28.5,4.8643,3.0,4.8598,1.5857,1.0,0.9561,28.8429,0.5,99.4619
material-components/material-components-android,https://github.com/material-components/material-components-android,17217,9.3032,118,183310,120455,56.7114,14.0,7.0815,4.0,8.176,1.5028,1.0,0.9264,94.0829,1.0,973.8075
alibaba/DataX,https://github.com/alibaba/DataX,17146,8.1834,7,22958,81194,66.4435,25.0,4.3208,3.0,5.5082,1.5368,1.0,1.124,22.6489,0.0,185.2401
heibaiying/BigData-Notes,https://github.com/heibaiying/BigData-Notes,16882,7.0445,0,24052,2124,27.5844,21.0,5.7143,5.0,3.4897,1.2208,1.0,0.4148,0.8182,0.0,1.8497
winterbe/java8-tutorial,https://github.com/winterbe/java8-tutorial,16768,12.0274,0,149,2081,23.6477,19.0,1.0341,1.0,1.0385,1.0,1.0,0.0,3.9091,0.0,9.2744
shuzheng/zheng,https://github.com/shuzheng/zheng,16703,9.473,0,41267,41742,82.0079,16.0,4.1454,3.0,5.5632,1.4086,1.0,0.4916,340.8566,0.0,1784.5873
JeffLi1993/springboot-learning-example,https://github.com/JeffLi1993/springboot-learning-example,16595,9.1307,0,407,1641,14.3947,9.5,4.614,3.5,3.8514,1.0439,1.0,0.2439,2.8509,0.0,6.0062
ashishps1/awesome-leetcode-resources,https://github.com/ashishps1/awesome-leetcode-resources,16093,2.4175,0,264,360,32.7273,13.0,1.1818,1.0,0.3857,1.0,1.0,0.0,4.7273,0.0,7.8751
android-hacker/VirtualXposed,https://github.com/android-hacker/VirtualXposed,15989,8.3149,50,49794,47736,32.8534,8.0,3.6986,2.0,5.0257,2.7928,2.0,11.8546,14.6958,0.0,128.5933
dyc87112/SpringBoot-Learning,https://github.com/dyc87112/SpringBoot-Learning,15792,9.5934,0,34384,2781,10.3383,7.0,4.4387,4.0,2.9634,1.026,1.0,0.1811,1.4572,0.0,7.1803
android10/Android-CleanArchitecture,https://github.com/android10/Android-CleanArchitecture,15561,11.6003,0,5191,2260,21.5238,13.0,5.1429,4.0,4.6485,1.4286,1.0,0.7018,6.7238,1.0,23.107
Konloch/bytecode-viewer,https://github.com/Konloch/bytecode-viewer,15460,11.447,62,648700,21768,52.5797,19.0,4.1957,2.0,5.7938,1.9928,1.0,1.7727,13.6884,0.0,58.9898
mockito/mockito,https://github.com/mockito/mockito,15435,13.4456,226,49746,53517,24.9963,8.0,3.2396,2.0,4.2735,1.3965,1.0,1.0763,18.9851,0.0,277.8421
java-decompiler/jd-gui,https://github.com/java-decompiler/jd-gui,15059,11.0034,18,56989,19309,47.4423,17.0,4.4177,3.0,5.2094,2.3833,1.0,2.2673,11.1155,1.0,51.0105
zhisheng17/flink-learning,https://github.com/zhisheng17/flink-learning,15056,7.2307,0,43760,15829,23.947,14.0,4.3374,3.0,4.4214,1.1437,1.0,0.3758,3.0227,0.0,17.5068
supertokens/supertokens-core,https://github.com/supertokens/supertokens-core,14988,6.2204,119,335285,113118,111.0088,47.0,8.8803,9.0,9.816,1.4504,1.0,0.8349,73.7134,3.0,1245.3548
apache/pulsar,https://github.com/apache/pulsar,15179,9.7413,123,260992,511303,71.974,16.0,6.8064,4.0,10.193,1.6723,1.0,3.8704,89.7538,0.0,1464.7453
zaproxy/zaproxy,https://github.com/zaproxy/zaproxy,14912,10.8118,26,201585,171397,71.8646,24.0,4.5136,3.0,5.5772,1.8189,1.0,1.568,70.9199,1.0,358.5498
cryptomator/cryptomator,https://github.com/cryptomator/cryptomator,14840,12.1424,205,33905,19116,40.4144,22.0,8.2558,6.0,7.9235,1.4144,1.0,0.9543,19.6237,1.0,68.9679
elastic/logstash,https://github.com/elastic/logstash,14815,15.3511,241,133843,43865,47.015,23.0,5.3087,4.0,5.6214,1.6217,1.0,2.118,21.4309,1.0,105.7259
eclipse-vertx/vert.x,https://github.com/eclipse-vertx/vert.x,14662,14.7734,0,125058,168206,83.1879,22.0,6.4367,3.0,8.9947,1.5183,1.0,1.0309,157.6419,1.0,1614.7796
arduino/Arduino,https://github.com/arduino/Arduino,14553,15.5209,37,1387855,25793,57.3178,18.0,3.3533,2.0,4.9699,1.6444,1.0,1.56,32.7222,0.0,208.0295
hdodenhof/CircleImageView,https://github.com/hdodenhof/CircleImageView,14543,12.1862,0,1003,360,120.0,12.0,11.0,5.0,10.6771,2.3333,2.0,0.4714,178.6667,0.0,252.6728
alibaba/ARouter,https://github.com/alibaba/ARouter,14501,9.2786,16,26589,3165,32.2959,10.0,3.6939,2.0,4.8852,1.4082,1.0,0.7803,17.449,0.0,82.9064
Tencent/QMUI_Android,https://github.com/Tencent/QMUI_Android,14522,8.9281,35,21963,58309,54.6989,11.0,5.0863,2.0,6.3746,1.5178,1.0,1.1502,35.3424,0.0,197.806
theonedev/onedev,https://github.com/theonedev/onedev,14802,7.384,469,233243,339086,40.2428,14.0,5.7516,4.0,8.8838,1.3842,1.0,0.7861,26.8477,0.0,521.7765
languagetool-org/languagetool,https://github.com/languagetool-org/languagetool,14217,12.6297,0,6156697,214796,81.8894,25.0,5.2886,4.0,6.1568,1.5783,1.0,0.9691,55.6367,1.0,404.844
DuGuQiuBai/Java,https://github.com/DuGuQiuBai/Java,14193,10.3326,0,24346,10840,17.5121,12.0,0.7722,0.0,1.3116,1.1777,1.0,0.7351,1.0792,0.0,5.1903
Netflix/zuul,https://github.com/Netflix/zuul,14000,13.0349,66,6721,22408,43.0923,20.0,6.3731,4.0,7.513,1.4923,1.0,0.7746,24.9981,1.0,138.499
janishar/mit-deep-learning-book-pdf,https://github.com/janishar/mit-deep-learning-book-pdf,13970,8.9665,3,58474,2,2.0,2.0,0.0,0.0,0.0,1.0,1.0,0.0,0.0,0.0,0.0
kekingcn/kkFileView,https://github.com/kekingcn/kkFileView,14028,8.2847,16,680650,13247,128.6117,44.0,6.7282,5.0,5.7811,1.0777,1.0,0.3324,324.9417,0.0,2930.459
xpipe-io/xpipe,https://github.com/xpipe-io/xpipe,13913,3.1595,152,64985,73223,44.0572,21.0,6.6378,5.0,6.3696,1.4976,1.0,0.9581,19.9266,1.0,177.3517
sqshq/piggymetrics,https://github.com/sqshq/piggymetrics,13882,10.9925,2,1512,1881,19.0,11.0,6.0404,5.0,4.3203,1.0606,1.0,0.2386,3.8283,0.0,10.0283
orhanobut/logger,https://github.com/orhanobut/logger,13879,11.0144,16,1873,827,45.9444,36.0,5.8333,6.0,2.9674,1.1667,1.0,0.3727,14.9444,0.0,34.584
lgvalle/Material-Animations,https://github.com/lgvalle/Material-Animations,13799,11.0472,0,8692,1010,22.4444,8.0,4.4,2.0,4.0133,1.4667,1.0,0.7483,4.7556,0.0,15.9278
seaswalker/spring-analysis,https://github.com/seaswalker/spring-analysis,13764,9.5414,0,4951,378,11.4545,8.0,2.4242,2.0,2.6057,1.2424,1.0,0.7398,1.7879,0.0,3.1407
pinpoint-apm/pinpoint,https://github.com/pinpoint-apm/pinpoint,13815,11.4305,63,270453,291056,31.5987,18.0,5.2119,4.0,5.7691,1.1384,1.0,0.4905,11.7544,0.0,89.5831
JessYanCoding/AndroidAutoSize,https://github.com/JessYanCoding/AndroidAutoSize,13748,7.6057,14,3131,1720,35.102,15.0,5.4082,4.0,4.1939,1.4082,1.0,0.4915,31.2857,1.0,134.9022
LuckSiege/PictureSelector,https://github.com/LuckSiege/PictureSelector,13595,9.2211,116,542078,39103,53.057,12.0,4.787,2.0,7.8607,1.2198,1.0,0.6277,49.4491,0.0,371.9332
Bigkoo/Android-PickerView,https://github.com/Bigkoo/Android-PickerView,13469,11.2416,0,6389,4421,48.5824,7.0,3.7253,2.0,5.0297,1.1538,1.0,0.3608,15.4945,0.0,90.0646
tink-crypto/tink,https://github.com/tink-crypto/tink,13559,11.8029,21,61010,82161,56.0826,30.0,7.2922,5.0,6.8802,1.2881,1.0,1.2405,30.0758,1.0,183.9836
macrozheng/mall-learning,https://github.com/macrozheng/mall-learning,13367,6.9541,0,39420,14233,58.332,16.0,4.8484,3.0,4.336,1.1066,1.0,0.3085,233.9426,0.0,1260.2322
pxb1988/dex2jar,https://github.com/pxb1988/dex2jar,13100,11.0281,8,8725,41715,73.056,22.0,5.3555,3.0,6.7731,1.5709,1.0,0.9813,21.1331,0.0,136.3943
youth5201314/banner,https://github.com/youth5201314/banner,13040,9.9247,0,11310,2724,37.3151,20.0,6.0822,5.0,6.1148,1.8356,2.0,0.6827,47.6849,1.0,348.4871
alibaba/COLA,https://github.com/alibaba/COLA,12920,8.1314,11,3828,9619,17.2075,11.0,4.3256,3.0,4.5113,1.3274,1.0,0.7141,4.975,0.0,18.3039
macrozheng/mall-swarm,https://github.com/macrozheng/mall-swarm,12890,6.3326,3,54601,101603,132.9882,32.0,3.7225,3.0,4.5411,1.2317,1.0,0.4341,1106.2291,13.0,8129.0852
codecentric/spring-boot-admin,https://github.com/codecentric/spring-boot-admin,12826,11.6687,147,93066,13881,30.2418,17.0,7.4314,6.0,5.8798,1.2898,1.0,0.6835,7.2636,0.0,27.7576
Netflix/conductor,https://github.com/Netflix/conductor,12788,9.295,319,29469,47052,70.8614,28.0,7.372,5.0,8.1,1.2545,1.0,0.5624,78.6747,0.0,646.1861
metersphere/metersphere,https://github.com/metersphere/metersphere,13045,6.141,184,421961,321954,86.9676,15.0,6.6623,3.0,11.3493,1.2958,1.0,0.5404,446.2396,0.0,3758.6558
google/guice,https://github.com/google/guice,12732,11.8248,19,125316,84793,21.8201,6.0,3.1956,2.0,5.0722,1.3042,1.0,1.2503,8.4622,0.0,77.8551
apache/zookeeper,https://github.com/apache/zookeeper,12743,16.9966,0,154922,124290,70.2998,27.0,5.5266,3.0,6.8834,1.94,1.0,2.9528,37.0854,0.0,388.7357
plantuml/plantuml,https://github.com/plantuml/plantuml,12837,15.3895,67,843606,200634,48.2293,22.0,7.1058,5.0,7.3588,1.5043,1.0,0.8478,36.2928,1.0,607.3005
facebook/stetho,https://github.com/facebook/stetho,12701,11.1704,13,2392,19241,32.7228,10.0,4.3197,3.0,5.2976,1.4235,1.0,1.2478,7.4966,0.0,31.2215
Netflix/eureka,https://github.com/Netflix/eureka,12697,13.6619,152,12661,33579,44.9518,18.0,5.6305,4.0,6.1215,1.2664,1.0,0.6884,18.6131,0.0,134.0955
greenrobot/greenDAO,https://github.com/greenrobot/greenDAO,12617,14.4257,8,7353,18545,50.9478,25.0,4.6951,3.0,4.6354,2.0192,1.0,1.6213,47.4533,1.0,240.9518
microg/GmsCore,https://github.com/microg/GmsCore,12709,11.9233,45,16398,58573,29.3012,13.0,6.017,5.0,4.9361,1.6923,2.0,0.8487,13.8774,0.0,67.0674
zhihu/Matisse,https://github.com/zhihu/Matisse,12564,8.95,15,1991,3418,44.9737,20.0,6.6579,5.0,7.3351,1.3947,1.0,0.6299,8.0789,0.0,16.0318
daimajia/AndroidViewAnimations,https://github.com/daimajia/AndroidViewAnimations,12473,11.7563,9,297,965,11.7683,5.0,3.378,2.0,6.9872,1.8049,2.0,0.3963,2.2927,0.0,12.8105
debezium/debezium,https://github.com/debezium/debezium,12551,10.1711,0,79646,217889,65.0803,20.0,6.6861,4.0,7.3832,1.5881,1.0,1.001,60.6389,1.0,566.7622
pagehelper-org/Mybatis-PageHelper,https://github.com/pagehelper-org/Mybatis-PageHelper,12383,11.7947,15,5357,7474,40.6196,23.0,5.8207,6.0,4.8807,1.4565,1.0,0.8586,29.3913,0.0,189.3062
daimajia/AndroidSwipeLayout,https://github.com/daimajia/AndroidSwipeLayout,12382,11.5838,18,399,2770,37.4324,6.0,3.7162,2.0,4.9114,1.3243,1.0,0.5952,58.9054,0.0,477.0282
amitshekhariitbhu/android-interview-questions,https://github.com/amitshekhariitbhu/android-interview-questions,12292,8.7118,0,1484,5,5.0,5.0,0.0,0.0,0.0,1.0,1.0,0.0,0.0,0.0,0.0
Team-xManager/xManager,https://github.com/Team-xManager/xManager,12185,5.1253,51,4973,21822,41.645,7.0,2.0172,2.0,2.6017,1.021,1.0,0.2423,4.7328,0.0,69.8323
redis/jedis,https://github.com/redis/jedis,12299,15.7892,121,16935,126557,87.4012,26.0,5.547,3.0,8.5179,1.3902,1.0,0.8145,460.8101,1.0,13679.6612
beemdevelopment/Aegis,https://github.com/beemdevelopment/Aegis,12176,9.6099,73,22815,24210,52.8603,21.5,6.9782,4.0,8.83,1.7096,1.0,1.0263,22.8712,1.0,143.3124
Yalantis/uCrop,https://github.com/Yalantis/uCrop,12121,10.2204,20,64991,4707,61.1299,13.0,6.3377,3.0,8.6017,1.3636,1.0,0.836,28.9091,1.0,81.0139
LawnchairLauncher/lawnchair,https://github.com/LawnchairLauncher/lawnchair,12448,9.0623,31,738875,283348,80.9797,21.0,9.0194,4.0,13.1008,1.4101,1.0,0.8066,193.4567,1.0,2251.9644
Tencent/matrix,https://github.com/Tencent/matrix,11998,7.2882,16,199709,79032,56.7351,16.0,4.3733,2.0,5.5514,1.2886,1.0,0.8591,12.8945,0.0,65.6456
grpc/grpc-java,https://github.com/grpc/grpc-java,11999,11.2964,189,121616,264458,47.1237,12.0,5.5492,3.0,7.8204,1.3983,1.0,1.0172,14.2083,0.0,129.5645
Tencent/VasSonic,https://github.com/Tencent/VasSonic,11879,8.6489,10,16215,7421,66.8559,19.0,4.1982,2.0,4.8784,1.2793,1.0,0.5877,21.6126,0.0,95.6089
PaperMC/Paper,https://github.com/PaperMC/Paper,12036,10.1739,0,130375,162674,38.3033,15.0,6.9105,5.0,12.0268,1.5696,1.0,1.008,102.0989,1.0,1610.8254
provectus/kafka-ui,https://github.com/provectus/kafka-ui,11983,6.3299,25,30382,18139,35.3587,20.0,7.1326,5.0,7.205,1.5107,1.0,1.0726,17.1345,1.0,86.0476
code4craft/webmagic,https://github.com/code4craft/webmagic,11696,12.9227,33,17446,8737,25.4723,15.0,4.2711,4.0,3.6898,1.1778,1.0,0.5718,11.4898,1.0,76.639
OpenRefine/OpenRefine,https://github.com/OpenRefine/OpenRefine,11788,13.4428,76,407261,73894,52.4815,26.0,6.4112,5.0,6.2877,1.6477,1.0,0.8399,13.1491,1.0,59.2011
jd-opensource/joyagent-jdgenie,https://github.com/jd-opensource/joyagent-jdgenie,11585,0.6927,1,102676,9182,36.4365,12.0,4.9802,4.0,5.6375,1.119,1.0,0.4473,4.7341,0.0,17.4764
newbee-ltd/newbee-mall,https://github.com/newbee-ltd/newbee-mall,11540,6.5106,0,36245,3935,44.2135,29.0,5.0337,2.0,6.2106,1.0674,1.0,0.4446,34.9101,4.0,67.7914
realm/realm-java,https://github.com/realm/realm-java,11489,13.9302,0,65920,110167,57.6187,9.0,4.2521,2.0,6.6912,1.2129,1.0,0.7241,51.7484,0.0,656.4891
opensearch-project/OpenSearch,https://github.com/opensearch-project/OpenSearch,12647,5.1499,66,605586,1338381,67.6805,24.0,7.41,5.0,9.8911,1.7064,1.0,1.4712,39.4596,1.0,449.8551
gyf-dev/ImmersionBar,https://github.com/gyf-dev/ImmersionBar,11469,8.9336,0,325009,7237,50.9648,19.0,6.3521,5.0,7.0882,2.1056,2.0,0.9979,159.2535,3.0,1746.3382
careercup/CtCI-6th-Edition,https://github.com/careercup/CtCI-6th-Edition,11478,10.7324,0,21487,21093,34.6355,28.0,2.1264,2.0,1.5648,1.069,1.0,0.3319,4.4828,1.0,16.6844
ssssssss-team/spider-flow,https://github.com/ssssssss-team/spider-flow,11318,5.9959,2,3382,8748,54.3354,29.0,5.3851,4.0,5.1536,1.7329,1.0,3.3912,20.3292,1.0,49.6303
jhy/jsoup,https://github.com/jhy/jsoup,11360,16.2656,21,6897,39527,90.0387,27.0,6.1207,4.0,7.1795,1.7654,1.0,3.0645,229.3554,1.0,1825.8519
mission-peace/interview,https://github.com/mission-peace/interview,11309,11.6797,0,1200,27259,40.8681,35.0,2.0105,2.0,1.2176,1.0375,1.0,0.3099,3.4093,1.0,13.5476
permissions-dispatcher/PermissionsDispatcher,https://github.com/permissions-dispatcher/PermissionsDispatcher,11204,10.6092,40,3009,3184,26.7563,11.0,1.6218,0.0,3.2694,1.2269,1.0,0.5256,34.3782,3.0,325.8157
lingochamp/FileDownloader,https://github.com/lingochamp/FileDownloader,11124,10.2587,65,40720,14387,53.4833,18.0,4.5279,2.0,5.4394,1.6877,1.0,2.4989,42.0149,1.0,232.0155
H07000223/FlycoTabLayout,https://github.com/H07000223/FlycoTabLayout,11112,10.3765,4,2620,2730,82.7273,16.0,6.4545,3.0,8.732,1.5455,1.0,0.7003,223.0909,1.0,709.4496
apple/pkl,https://github.com/apple/pkl,11105,2.1821,21,8361,68293,40.2197,13.0,6.2845,4.0,7.9711,4.2379,3.0,15.3132,29.8563,0.0,223.7138
jwtk/jjwt,https://github.com/jwtk/jjwt,11054,11.5318,9,3503,16052,28.9225,9.0,4.8523,3.0,5.8179,1.955,1.0,2.3542,25.8342,1.0,142.0173
daniulive/SmarterStreaming,https://github.com/daniulive/SmarterStreaming,11165,9.9986,0,6823377,10750,62.5,12.0,3.843,2.0,7.1311,1.0523,1.0,0.2227,71.5523,0.0,504.7896
apereo/cas,https://github.com/apereo/cas,11308,14.5435,316,322896,232854,25.5238,13.0,10.1336,9.0,7.3662,1.4815,1.0,1.0051,7.8036,0.0,146.4365
jfeinstein10/SlidingMenu,https://github.com/jfeinstein10/SlidingMenu,11025,13.7358,0,32085,3085,41.6892,13.0,4.7703,3.0,5.1976,1.8243,1.0,1.1896,47.4459,0.0,227.4389
square/javapoet,https://github.com/square/javapoet,10859,13.1444,0,1954,7543,76.1919,17.0,4.5152,2.0,5.8902,1.1515,1.0,0.6091,129.2929,0.0,745.4504
androidannotations/androidannotations,https://github.com/androidannotations/androidannotations,11008,14.2177,0,22510,28800,29.9065,11.0,5.9148,4.0,6.3953,1.6802,1.0,0.8962,26.0987,1.0,213.0664
asLody/VirtualApp,https://github.com/asLody/VirtualApp,10950,9.7194,0,35263,46624,32.8338,8.0,3.7775,2.0,4.9908,2.588,2.0,11.2671,15.6113,0.0,114.7691
TooTallNate/Java-WebSocket,https://github.com/TooTallNate/Java-WebSocket,10801,16.1752,19,4245,13166,50.2519,19.0,3.5916,2.0,4.1523,1.8168,1.0,1.3468,37.0573,6.0,183.8774
clojure/clojure,https://github.com/clojure/clojure,10833,15.7372,0,19005,46854,51.0949,3.0,3.5998,0.0,7.87,1.4951,1.0,2.3414,130.2072,0.0,1973.6677
alibaba/vlayout,https://github.com/alibaba/vlayout,10761,9.0732,34,1726,14042,88.3145,13.0,5.3145,3.0,6.6938,1.8553,1.0,1.4872,72.5409,0.0,367.2677
zfile-dev/zfile,https://github.com/zfile-dev/zfile,10713,6.601,67,40781,13242,30.4414,12.0,6.7908,4.0,7.6085,1.4828,1.0,1.0898,9.7977,0.0,47.3829
android-async-http/android-async-http,https://github.com/android-async-http/android-async-http,10622,15.0938,3,3063,7620,49.4805,25.0,5.6623,4.0,6.1308,1.7857,1.0,1.0749,45.8766,3.0,292.7495
jeasonlzy/okhttp-OkGo,https://github.com/jeasonlzy/okhttp-OkGo,10587,10.193,14,84860,13418,37.169,14.0,5.5956,5.0,5.0617,1.6233,1.0,1.0745,19.446,0.0,124.3264
resilience4j/resilience4j,https://github.com/resilience4j/resilience4j,10605,10.8118,36,8882,65780,37.6101,21.0,7.1098,6.0,6.3609,1.442,1.0,0.9828,17.665,1.0,97.0188
iflytek/astron-agent,https://github.com/iflytek/astron-agent,10718,0.5147,13,101355,73571,50.1849,12.0,6.1392,4.0,8.8966,1.0641,1.0,0.2813,24.5593,0.0,293.9297
google/auto,https://github.com/google/auto,10557,12.8405,67,49121,32362,28.2145,8.0,4.0541,3.0,8.5473,1.7149,1.0,3.2501,25.9364,1.0,270.6035
lipangit/JiaoZiVideoPlayer,https://github.com/lipangit/JiaoZiVideoPlayer,10504,10.1328,78,143896,4511,65.3768,30.0,7.2754,6.0,6.3995,2.1159,2.0,0.9711,56.6377,4.0,211.6332
tbruyelle/RxPermissions,https://github.com/tbruyelle/RxPermissions,10441,10.4887,11,587,876,43.8,11.5,4.65,2.0,5.5252,1.1,1.0,0.3,10.1,0.0,32.6755
signalapp/Signal-Server,https://github.com/signalapp/Signal-Server,10458,12.293,0,21837,60421,48.4531,20.0,9.016,5.0,13.3134,1.4691,1.0,0.9283,15.7241,0.0,104.5347
JingMatrix/LSPosed,https://github.com/JingMatrix/LSPosed,10280,2.6831,5,23382,15429,48.981,10.0,5.0635,3.0,6.974,1.7175,1.0,1.3777,51.7556,0.0,354.7297
JessYanCoding/MVPArms,https://github.com/JessYanCoding/MVPArms,10275,9.6345,25,5963,5986,40.1745,19.0,6.6443,5.0,5.9179,1.2819,1.0,0.5685,32.1007,3.0,146.5307
awsdocs/aws-doc-sdk-examples,https://github.com/awsdocs/aws-doc-sdk-examples,10385,9.6016,0,264043,83370,49.9521,29.0,7.1186,5.0,6.5308,1.0401,1.0,0.3099,6.3936,1.0,24.6561
ZCShou/GoGoGo,https://github.com/ZCShou/GoGoGo,10129,4.3094,8,426465,3813,79.4375,18.5,7.25,3.0,12.4088,1.4583,1.0,0.7059,12.875,1.0,45.6155
JakeWharton/ViewPagerIndicator,https://github.com/JakeWharton/ViewPagerIndicator,10086,14.642,0,8657,2947,44.6515,13.0,5.4394,5.5,4.6519,2.2424,3.0,0.8539,29.2727,0.0,126.3713
happydog-intj/JsBridge,https://github.com/happydog-intj/JsBridge,9930,11.0773,0,659,1160,36.25,5.0,3.5,1.5,4.9244,1.1562,1.0,0.3631,17.0938,0.0,50.9254
xuchengsheng/spring-reading,https://github.com/xuchengsheng/spring-reading,9928,2.527,0,2808,3073,10.6701,8.0,2.8299,3.0,2.172,1.0278,1.0,0.1643,0.5451,0.0,3.2099
wasabeef/glide-transformations,https://github.com/wasabeef/glide-transformations,9911,11.2088,0,26509,991,36.7037,27.0,5.5556,5.0,3.2923,2.1481,2.0,0.7554,2.7778,0.0,4.45
googlesamples/easypermissions,https://github.com/googlesamples/easypermissions,9899,10.2587,12,635,1705,51.6667,28.0,8.9394,8.0,5.7152,1.4848,1.0,0.6091,12.2121,6.0,21.4416
hackware1993/MagicIndicator,https://github.com/hackware1993/MagicIndicator,9812,9.7467,12,54749,4533,44.0097,21.0,5.0,4.0,4.5132,1.3398,1.0,0.5669,26.9417,3.0,79.075
paascloud/paascloud-master,https://github.com/paascloud/paascloud-master,9886,8.0246,0,16083,16428,22.1402,11.0,5.9353,4.0,5.7706,1.3154,1.0,0.5423,5.4569,0.0,25.6001
HarlonWang/AVLoadingIndicatorView,https://github.com/HarlonWang/AVLoadingIndicatorView,9779,10.4175,1,14399,2161,23.4891,6.0,3.5652,2.0,2.3512,1.7826,1.0,1.0408,6.75,0.0,42.6111
lihengming/spring-boot-api-project-seed,https://github.com/lihengming/spring-boot-api-project-seed,9715,8.7556,4,77,484,32.2667,12.0,5.0,4.0,4.5166,1.2667,1.0,0.7717,9.7333,0.0,18.0387
OpenFeign/feign,https://github.com/OpenFeign/feign,9787,12.7447,49,10861,40161,30.219,9.0,4.9436,3.0,6.0266,1.6637,1.0,3.1528,14.2882,0.0,90.0061
YoKeyword/Fragmentation,https://github.com/YoKeyword/Fragmentation,9706,10.0862,30,29343,8981,31.6232,11.0,5.2324,3.0,5.1556,1.7077,1.0,1.0954,15.1162,0.0,102.0892
stanfordnlp/CoreNLP,https://github.com/stanfordnlp/CoreNLP,10063,12.742,19,400401,557599,129.5236,26.0,5.6156,3.0,7.536,1.459,1.0,1.4901,148.5786,0.0,1831.3417
perwendel/spark,https://github.com/perwendel/spark,9665,14.8912,0,2503,9588,43.3846,20.0,4.543,3.0,4.7235,1.2986,1.0,0.7795,47.1176,0.0,407.5469
koral--/android-gif-drawable,https://github.com/koral--/android-gif-drawable,9661,13.1499,63,6114,2949,46.0781,21.0,6.125,4.0,6.3134,1.6562,1.0,1.2774,59.7344,0.0,284.4116
apache/cassandra,https://github.com/apache/cassandra,9677,16.846,0,459244,781212,59.5618,23.0,6.7673,5.0,7.9129,1.7543,1.0,1.8153,60.6334,1.0,1456.0261
ksoichiro/Android-ObservableScrollView,https://github.com/ksoichiro/Android-ObservableScrollView,9626,11.3785,0,13780,12621,37.6746,13.0,5.0149,3.0,4.5995,1.9672,2.0,1.165,7.5701,0.0,30.6392
bilibili/DanmakuFlameMaster,https://github.com/bilibili/DanmakuFlameMaster,9613,12.6215,5,3580,12879,74.8779,20.0,5.1628,3.0,6.1025,1.6105,1.0,1.3702,47.5058,1.0,158.4749
opendataloader-project/opendataloader-pdf,https://github.com/opendataloader-project/opendataloader-pdf,9604,0.8679,54,86504,15812,102.0129,56.0,7.4516,5.0,6.9979,1.1871,1.0,0.4062,52.0839,1.0,221.2192
seven332/EhViewer,https://github.com/seven332/EhViewer,9550,11.8658,97,111228,44372,73.8303,25.0,6.8752,4.0,9.7426,1.7338,1.0,1.3252,45.2629,1.0,450.0789
AutoMQ/automq,https://github.com/AutoMQ/automq,9627,2.6064,82,169835,676227,72.541,25.0,7.0748,4.0,11.8426,1.33,1.0,0.8079,45.8853,0.0,594.8476
liaohuqiu/android-Ultra-Pull-To-Refresh,https://github.com/liaohuqiu/android-Ultra-Pull-To-Refresh,9531,11.3648,8,3474,5476,34.0124,10.0,4.0186,2.0,4.3029,1.4037,1.0,0.717,19.1429,0.0,138.5242
umano/AndroidSlidingUpPanel,https://github.com/umano/AndroidSlidingUpPanel,9484,12.8186,8,2861,2011,118.2941,8.0,4.9412,2.0,6.4395,1.3529,1.0,0.7624,132.0,0.0,362.7757
crossoverJie/cim,https://github.com/crossoverJie/cim,9489,7.8494,9,35278,5942,28.9854,13.0,4.8341,4.0,4.8128,1.278,1.0,0.7363,8.0146,0.0,31.2172
MyCATApache/Mycat-Server,https://github.com/MyCATApache/Mycat-Server,9544,11.3073,7,19570,92943,71.993,33.0,4.6793,3.0,5.9558,1.2936,1.0,0.7192,78.488,0.0,882.5902
Justson/AgentWeb,https://github.com/Justson/AgentWeb,9411,8.8706,21,29032,11320,44.2188,12.0,5.3984,3.0,7.3339,1.4883,1.0,0.996,18.793,0.0,98.9687
json-path/JsonPath,https://github.com/json-path/JsonPath,9394,15.1677,12,2479,17152,44.6667,15.0,4.5547,3.0,4.9336,1.4766,1.0,1.0726,29.3906,0.0,121.0608
pockethub/PocketHub,https://github.com/pockethub/PocketHub,9381,14.5462,1,11945,6980,32.9245,21.0,6.5755,5.0,5.3287,1.4811,1.0,0.7615,9.0425,0.0,35.1685
GcsSloop/AndroidNote,https://github.com/GcsSloop/AndroidNote,9340,10.2204,0,7036,402,50.25,28.5,4.875,1.0,5.5999,1.375,1.0,0.4841,8.125,3.0,11.921
huanghaibin-dev/CalendarView,https://github.com/huanghaibin-dev/CalendarView,9370,9.0404,1,156817,11557,65.6648,28.5,6.5682,4.0,7.1044,2.1591,1.0,1.4877,53.1818,3.0,389.0181
android/testing-samples,https://github.com/android/testing-samples,9302,11.4552,0,12105,1849,21.5,19.0,5.5,5.5,3.5265,1.3488,1.0,0.5231,3.1512,0.0,6.7661
apache/jmeter,https://github.com/apache/jmeter,9289,15.8303,10,136067,126976,74.255,34.0,5.4322,4.0,5.9295,1.9076,2.0,1.3222,62.1871,3.0,381.6901
cats-oss/android-gpuimage,https://github.com/cats-oss/android-gpuimage,9158,13.473,0,1368,6341,41.4444,16.0,2.9608,2.0,3.7362,2.1569,2.0,1.1888,11.3007,0.0,53.9987
didi/VirtualAPK,https://github.com/didi/VirtualAPK,9066,8.7392,4,1010,7981,48.9632,17.0,4.8957,3.0,6.1491,1.6135,1.0,1.4243,17.5767,1.0,66.0762
HMCL-dev/HMCL,https://github.com/HMCL-dev/HMCL,9010,10.7598,323,36671,97232,61.2678,26.0,6.5085,4.0,7.6942,1.6919,1.0,1.4953,35.2105,1.0,333.4709
KunMinX/Jetpack-MVVM-Best-Practice,https://github.com/KunMinX/Jetpack-MVVM-Best-Practice,8951,6.4011,0,10737,3691,31.0168,12.0,4.8403,3.0,5.0576,1.6218,1.0,1.069,12.0,0.0,68.6774
navasmdc/MaterialDesignLibrary,https://github.com/navasmdc/MaterialDesignLibrary,8944,11.4853,3,8930,2927,35.6951,13.5,4.5366,3.0,4.4672,1.8171,1.0,1.221,6.7561,0.0,18.7893
Freelander/Android_Data,https://github.com/Freelander/Android_Data,8917,10.976,0,153,116,58.0,58.0,2.0,2.0,2.0,1.0,1.0,0.0,3.0,3.0,3.0
LSPosed/LSPatch,https://github.com/LSPosed/LSPatch,8913,5.0678,9,10312,7008,48.0,18.5,4.3425,2.0,5.8759,1.3493,1.0,0.8568,23.8767,0.0,186.2401
java-native-access/jna,https://github.com/java-native-access/jna,8909,14.9076,0,758422,107353,45.0306,11.0,4.4509,3.0,5.9732,2.3507,2.0,4.2834,44.5864,0.0,513.3018
frohoff/ysoserial,https://github.com/frohoff/ysoserial,8826,11.1567,1,460,3851,32.0917,19.0,5.4583,3.0,5.6316,1.3417,1.0,0.6645,8.8917,1.0,57.2186
karatelabs/karate,https://github.com/karatelabs/karate,8814,9.128,58,30882,65823,113.8806,52.0,5.3097,4.0,6.0089,1.2007,1.0,0.598,148.8183,3.0,487.6382
nathanmarz/storm,https://github.com/nathanmarz/storm,8789,14.5216,0,27015,60552,71.1539,18.0,4.3302,3.0,5.0128,1.2609,1.0,0.886,33.0705,1.0,133.063
PojavLauncherTeam/PojavLauncher,https://github.com/PojavLauncherTeam/PojavLauncher,8804,6.0397,126,907961,27149,67.5348,23.5,5.6766,3.0,7.462,1.403,1.0,0.6779,124.7313,1.0,1597.1325
laobie/StatusBarUtil,https://github.com/laobie/StatusBarUtil,8771,10.1081,0,9364,1036,31.3939,11.0,4.1515,3.0,3.4739,1.5455,1.0,0.8199,22.5455,0.0,122.5922
cabaletta/baritone,https://github.com/cabaletta/baritone,8758,7.6496,85,16665,22328,47.2051,19.0,5.9662,4.0,7.0877,1.3636,1.0,0.7491,22.167,1.0,128.0568
Blankj/awesome-java-leetcode,https://github.com/Blankj/awesome-java-leetcode,8737,8.9391,0,512,1772,24.6111,24.0,1.6806,2.0,0.5484,1.0,1.0,0.0,1.1667,1.0,0.6872
chrisbanes/Android-PullToRefresh,https://github.com/chrisbanes/Android-PullToRefresh,8665,14.3217,0,4286,3567,43.5,17.5,6.0244,4.5,5.8057,2.1341,2.0,1.3413,55.8415,1.0,368.5953
ybq/Android-SpinKit,https://github.com/ybq/Android-SpinKit,8653,10.0151,0,10241,1812,25.5211,11.0,4.8169,5.0,3.5098,3.169,2.0,2.4494,21.5211,1.0,133.6192
amitshekhariitbhu/Android-Debug-Database,https://github.com/amitshekhariitbhu/Android-Debug-Database,8645,9.3552,14,1648,2393,39.2295,11.0,4.1475,4.0,3.7715,1.2787,1.0,0.5163,8.8033,0.0,22.6106
react-native-image-picker/react-native-image-picker,https://github.com/react-native-image-picker/react-native-image-picker,8637,10.7953,142,3217,818,74.3636,21.0,6.1818,4.0,6.1322,1.5455,2.0,0.4979,66.1818,1.0,201.4095
shwenzhang/AndResGuard,https://github.com/shwenzhang/AndResGuard,8634,10.4559,4,8343,6506,98.5758,41.5,3.4242,2.0,4.3102,1.5,1.0,0.8572,22.3788,1.5,43.9999
testcontainers/testcontainers-java,https://github.com/testcontainers/testcontainers-java,8616,10.9541,91,15040,32587,35.2673,20.0,5.0606,4.0,4.656,1.4643,1.0,0.7976,21.7608,1.0,163.3431
dropwizard/dropwizard,https://github.com/dropwizard/dropwizard,8603,15.1814,192,114439,39898,28.9116,13.0,5.9261,4.0,5.8677,1.5145,1.0,1.0017,18.8841,0.0,214.943
airbnb/epoxy,https://github.com/airbnb/epoxy,8571,9.6263,78,34179,42429,69.8995,11.0,6.7512,4.0,6.0486,1.799,2.0,1.058,136.4498,1.0,320.0844
google/tsunami-security-scanner,https://github.com/google/tsunami-security-scanner,8557,5.8097,1,1289,9082,30.4765,13.0,6.198,5.0,6.0383,1.5168,1.0,0.9167,15.1208,1.0,53.4501
chrisjenx/Calligraphy,https://github.com/chrisjenx/Calligraphy,8545,12.2628,4,1523,968,38.72,16.0,5.72,5.0,4.96,1.44,1.0,0.5713,11.36,3.0,26.3998
junit-team/junit4,https://github.com/junit-team/junit4,8554,17.1964,13,24417,32946,22.397,8.0,3.6343,3.0,3.9467,1.3929,1.0,0.8548,12.9613,0.0,130.4949
aeron-io/aeron,https://github.com/aeron-io/aeron,8532,12.1287,139,73580,127180,94.5576,34.0,7.8914,4.0,9.9924,1.2885,1.0,0.8777,118.8684,0.0,1322.0506
apache/iceberg,https://github.com/apache/iceberg,8667,7.3484,32,112081,337158,69.3028,31.0,8.3893,6.0,8.1978,1.6058,1.0,1.5547,37.134,1.0,178.1815
DImuthuUpe/AndroidPdfViewer,https://github.com/DImuthuUpe/AndroidPdfViewer,8463,9.8097,0,4733,3325,58.3333,10.0,4.8596,1.0,8.0403,1.2456,1.0,0.6006,76.7719,0.0,436.5925
wildfirechat/im-server,https://github.com/wildfirechat/im-server,8463,7.1704,115,22375,161275,155.8213,22.0,6.2522,3.0,8.1858,1.542,1.0,2.495,112.1778,1.0,465.9783
roughike/BottomBar,https://github.com/roughike/BottomBar,8386,10.026,4,40819,2834,42.9394,6.0,4.9091,2.0,6.7817,1.2879,1.0,0.622,61.6667,0.0,329.5069
bytedeco/javacv,https://github.com/bytedeco/javacv,8305,11.9288,14,8174,26976,120.9686,48.0,6.1256,4.0,6.7553,2.13,1.0,1.919,134.8475,1.0,707.94
alibaba/transmittable-thread-local,https://github.com/alibaba/transmittable-thread-local,8271,12.449,58,3577,6932,44.7226,23.0,5.5871,5.0,3.7205,1.4323,1.0,1.0897,12.3548,1.0,38.1372
aritraroy/UltimateAndroidReference,https://github.com/aritraroy/UltimateAndroidReference,8261,8.9582,0,543,22,22.0,22.0,1.0,1.0,0.0,1.0,1.0,0.0,0.0,0.0,0.0
apache/shardingsphere-elasticjob,https://github.com/apache/shardingsphere-elasticjob,8221,10.538,31,45954,15593,26.1628,13.0,5.3255,4.0,4.9234,1.1544,1.0,0.5013,3.193,0.0,12.5546
krahets/LeetCode-Book,https://github.com/krahets/LeetCode-Book,8191,4.271,0,833,5690,11.5416,9.0,1.2921,1.0,0.9229,1.002,1.0,0.045,0.073,0.0,0.4753
alibaba/otter,https://github.com/alibaba/otter,8133,12.627,10,12042,68163,52.5949,21.0,4.3565,2.0,4.9302,1.4537,1.0,0.9151,32.4545,1.0,252.446
alibaba/atlas,https://github.com/alibaba/atlas,8170,9.0705,7,84497,157496,71.8832,22.0,5.55,4.0,6.6394,1.4318,1.0,0.9113,29.9247,1.0,157.5565
florent37/MaterialViewPager,https://github.com/florent37/MaterialViewPager,8106,10.9213,11,19557,1616,36.7273,16.0,4.5455,3.0,4.7885,1.2955,1.0,0.5469,9.3864,0.0,26.1796
apache/beam,https://github.com/apache/beam,8527,10.1437,57,993198,751383,45.5053,16.0,7.4209,5.0,8.129,1.5222,1.0,1.3747,20.4648,0.0,175.7364
guolindev/LitePal,https://github.com/guolindev/LitePal,8084,13.0924,0,5433,11830,58.8557,17.0,5.01,3.0,5.1495,1.6517,1.0,0.9558,49.4478,0.0,248.25
LaurieWired/GhidraMCP,https://github.com/LaurieWired/GhidraMCP,8053,1.0075,5,180,1219,406.3333,14.0,16.3333,4.0,20.3361,1.6667,2.0,0.4714,459.0,3.0,647.0039
davemorrissey/subsampling-scale-image-view,https://github.com/davemorrissey/subsampling-scale-image-view,8009,12.5804,21,57935,4262,59.1944,14.5,5.625,3.5,6.5732,1.5833,1.0,0.878,79.7222,0.0,636.5521
junixapp/XPopup,https://github.com/junixapp/XPopup,8023,7.2991,221,152978,12348,40.4852,11.0,4.7049,3.0,6.3104,1.577,1.0,1.1256,22.9016,0.0,135.655
gunnarmorling/1brc,https://github.com/gunnarmorling/1brc,7987,2.2423,0,2744,53431,89.0517,43.0,3.1667,3.0,2.473,1.09,1.0,0.3811,7.58,1.0,23.5073
pentaho/pentaho-kettle,https://github.com/pentaho/pentaho-kettle,8325,12.4627,1,732630,792409,69.7482,11.0,6.0001,2.0,9.1531,1.2751,1.0,0.6007,81.9244,0.0,1226.4485
JakeWharton/hugo,https://github.com/JakeWharton/hugo,7913,12.3313,0,201,384,54.8571,59.0,5.7143,7.0,3.9175,1.1429,1.0,0.3499,27.7143,6.0,40.2943
Netflix/SimianArmy,https://github.com/Netflix/SimianArmy,7983,13.7166,4,15326,16056,52.6426,26.0,5.8,4.0,7.2877,1.4098,1.0,0.7461,25.1607,3.0,111.8217
apache/tomcat,https://github.com/apache/tomcat,8129,14.4832,0,194402,361141,75.9497,22.0,4.4686,3.0,5.8035,1.7781,1.0,1.6054,182.4646,0.0,4458.6133
jeecgboot/jimureport,https://github.com/jeecgboot/jimureport,7892,6.3053,33,105073,350,29.1667,20.5,6.1667,5.0,3.8909,1.0,1.0,0.0,2.5,1.0,3.9051
HannahMitt/HomeMirror,https://github.com/HannahMitt/HomeMirror,7831,10.59,0,6207,1719,26.0455,11.5,2.7273,2.0,4.9068,1.0758,1.0,0.2646,5.3485,0.0,35.1342
exadel-inc/CompreFace,https://github.com/exadel-inc/CompreFace,7851,5.7194,11,566295,7766,23.3213,8.0,7.8048,6.0,7.303,1.5225,1.0,1.1165,3.8949,0.0,16.0256
dropwizard/metrics,https://github.com/dropwizard/metrics,7851,16.0767,142,21416,30088,41.1038,20.0,5.2842,4.0,4.6399,1.3675,1.0,0.8065,9.1407,0.0,38.1715
lecho/hellocharts-android,https://github.com/lecho/hellocharts-android,7795,11.4524,14,6126,10995,71.8627,41.0,6.4248,4.0,6.5726,1.6667,1.0,0.9003,40.2941,1.0,149.5832
ChrisRM/material-theme-jetbrains,https://github.com/ChrisRM/material-theme-jetbrains,7767,10.5051,17,148338,14517,40.6639,12.0,4.1569,2.0,4.7348,2.2521,2.0,1.4468,84.423,1.0,633.5332
Tencent/Shadow,https://github.com/Tencent/Shadow,7743,6.7844,5,3669,21320,32.012,12.0,4.1321,3.0,3.9989,1.7628,1.0,1.03,16.6051,0.0,94.6023
AntennaPod/AntennaPod,https://github.com/AntennaPod/AntennaPod,7754,13.6509,65,115923,55119,64.2413,28.0,7.4324,5.0,8.9108,1.4837,1.0,0.7891,20.8485,1.0,102.1466
PowerJob/PowerJob,https://github.com/PowerJob/PowerJob,7717,6.026,51,19311,24684,32.694,14.0,5.6437,4.0,6.0618,1.1841,1.0,0.5464,5.1377,0.0,27.9182
goldze/MVVMHabit,https://github.com/goldze/MVVMHabit,7709,8.679,3,1298,9110,28.558,8.0,3.5831,2.0,3.8202,1.2727,1.0,0.6512,15.7649,0.0,73.9389
trello-archive/RxLifecycle,https://github.com/trello-archive/RxLifecycle,7670,10.6831,22,897,2368,29.2346,24.0,6.4321,6.0,6.1261,1.6543,1.0,1.1349,1.4074,0.0,4.0392
vipshop/vjtools,https://github.com/vipshop/vjtools,7657,7.8248,9,2108,18382,48.5013,26.0,3.1161,2.0,3.4667,1.277,1.0,0.7617,26.3008,1.0,106.6654
MuntashirAkon/AppManager,https://github.com/MuntashirAkon/AppManager,7694,5.8207,76,80240,128612,81.3485,31.0,7.7293,5.0,8.8327,1.4466,1.0,0.6733,73.871,1.0,1033.9873
FongMi/TV,https://github.com/FongMi/TV,7629,3.7591,0,343882,26586,44.6074,16.5,6.1711,4.0,7.9713,1.4631,1.0,0.7191,94.3205,1.0,623.2682
google/android-classyshark,https://github.com/google/android-classyshark,7597,10.4531,17,24865,8714,41.1038,16.5,3.1698,2.0,3.5581,1.2783,1.0,0.9229,10.25,1.0,27.5038
gedoor/MyBookshelf,https://github.com/gedoor/MyBookshelf,7624,7.7864,165,27255,48375,72.3094,18.0,5.858,3.0,7.2534,1.3991,1.0,0.6856,58.6622,1.0,338.3572
kaushikgopal/RxJava-Android-Samples,https://github.com/kaushikgopal/RxJava-Android-Samples,7527,11.6742,0,1188,2633,30.6163,13.5,6.6279,3.0,7.1105,1.8256,1.0,0.9547,9.1977,3.0,25.201
mapstruct/mapstruct,https://github.com/mapstruct/mapstruct,7632,13.8261,36,11642,103902,21.6282,9.0,3.8235,2.0,4.8919,1.1717,1.0,0.601,11.1913,0.0,73.6631
koush/AndroidAsync,https://github.com/koush/AndroidAsync,7550,13.5852,0,3720,18086,33.3076,8.0,3.6059,2.0,5.0075,1.5322,1.0,1.7449,19.4401,0.0,84.0328
Genymobile/gnirehtet,https://github.com/Genymobile/gnirehtet,7503,9.1225,12,1036,4330,53.4568,40.0,3.7654,2.0,3.5738,1.1852,1.0,0.5238,14.2963,1.0,35.0331
kevin-wayne/algs4,https://github.com/kevin-wayne/algs4,7524,10.5681,0,2347,22522,80.724,57.0,3.9964,4.0,2.5052,1.0215,1.0,0.168,47.4695,0.0,263.0454
yuanguangxin/LeetCode,https://github.com/yuanguangxin/LeetCode,7492,6.204,0,408,3441,23.731,20.0,1.2414,1.0,0.6672,1.0,1.0,0.0,0.8414,0.0,2.3184
MinecraftForge/MinecraftForge,https://github.com/MinecraftForge/MinecraftForge,7564,14.152,0,125044,56657,38.1786,18.5,7.3908,6.0,10.1645,1.5721,1.0,1.2878,32.6914,1.0,368.5645
lenve/VBlog,https://github.com/lenve/VBlog,7433,8.2464,0,3841,781,26.931,16.0,4.5517,4.0,3.5582,1.0345,1.0,0.1825,29.069,1.0,91.2265
swagger-api/swagger-core,https://github.com/swagger-api/swagger-core,7522,14.7214,130,24358,46987,28.9686,8.0,4.6208,3.0,6.7051,1.2269,1.0,0.6333,49.7719,0.0,735.1039
dependency-check/DependencyCheck,https://github.com/dependency-check/DependencyCheck,7466,13.5551,91,307402,41990,81.8519,41.0,6.5166,5.0,6.9549,1.8129,2.0,0.9325,64.0858,3.0,349.9714
dyc87112/SpringCloud-Learning,https://github.com/dyc87112/SpringCloud-Learning,7395,9.5934,0,1265,8067,35.8533,15.0,5.1644,4.0,5.317,1.0622,1.0,0.3064,20.5689,0.0,74.1415
abel533/Mapper,https://github.com/abel533/Mapper,7386,11.3429,11,2217,19455,41.9289,16.0,4.9159,4.0,4.5466,1.2435,1.0,0.5283,36.2371,0.0,176.3717
Qihoo360/RePlugin,https://github.com/Qihoo360/RePlugin,7349,8.7967,19,25372,28631,64.3393,22.0,5.1303,3.0,6.1081,1.4225,1.0,0.668,22.5551,0.0,95.8583
leolin310148/ShortcutBadger,https://github.com/leolin310148/ShortcutBadger,7341,12.3587,0,1231,885,28.5484,16.0,5.2903,5.0,4.5166,1.1613,1.0,0.447,3.4839,1.0,7.4091
square/dagger,https://github.com/square/dagger,7310,13.6427,0,6861,8043,19.8103,5.0,3.1749,3.0,2.943,1.2291,1.0,0.7152,5.9877,0.0,45.3069
iflytek/astron-rpa,https://github.com/iflytek/astron-rpa,7375,0.512,5,195566,39850,40.8299,11.0,5.5543,3.0,8.5356,1.1383,1.0,0.425,38.1957,0.0,231.7949
zhongyi-tong/WeChatLuckyMoney,https://github.com/zhongyi-tong/WeChatLuckyMoney,7245,10.486,20,660,931,44.3333,21.0,5.381,3.0,4.9998,1.381,1.0,0.4856,8.8095,1.0,17.9805
Bearded-Hen/Android-Bootstrap,https://github.com/Bearded-Hen/Android-Bootstrap,7255,12.397,5,11507,10389,131.5063,23.0,6.962,3.0,8.2684,1.6709,1.0,0.8527,31.3924,2.0,77.3965
crazycodeboy/TakePhoto,https://github.com/crazycodeboy/TakePhoto,7238,10.642,15,11513,2403,43.6909,28.0,5.0545,2.0,5.757,1.2545,1.0,0.5467,10.8909,1.0,22.3742
pedant/sweet-alert-dialog,https://github.com/pedant/sweet-alert-dialog,7232,11.4333,2,1694,943,58.9375,23.0,4.375,1.5,5.3604,1.25,1.0,0.433,31.0625,0.0,86.1252
Exrick/xmall,https://github.com/Exrick/xmall,7245,8.6598,0,110866,45293,143.3323,42.5,4.1994,3.0,5.0942,1.1614,1.0,0.4163,632.8291,13.0,2866.385
NanoHttpd/nanohttpd,https://github.com/NanoHttpd/nanohttpd,7213,13.6208,3,1375,7106,49.3472,21.0,4.3403,3.0,4.3464,1.7917,1.0,1.5585,22.1597,1.0,87.9622
cymcsg/UltimateRecyclerView,https://github.com/cymcsg/UltimateRecyclerView,7195,11.1567,9,7153,16083,42.1021,13.0,5.2147,3.0,6.0384,1.6937,1.0,1.0819,41.3927,0.0,267.9656
didi/KnowStreaming,https://github.com/didi/KnowStreaming,7178,6.0178,23,200022,31517,33.7441,12.0,6.9133,4.0,7.4282,1.8126,1.0,1.0883,10.3223,0.0,44.5877
gocd/gocd,https://github.com/gocd/gocd,7383,12.282,87,420706,257388,48.7477,22.0,7.4241,5.0,9.0313,1.2644,1.0,0.7086,34.4962,1.0,319.8746
wiremock/wiremock,https://github.com/wiremock/wiremock,7179,14.4586,52,52088,77924,42.2581,19.0,5.8308,4.0,6.7982,1.4176,1.0,1.114,69.9208,1.0,798.392
google/agera,https://github.com/google/agera,7134,10.2724,16,968,10897,37.5759,13.0,6.3276,4.0,6.6742,1.2414,1.0,0.5353,14.8448,0.0,106.311
rest-assured/rest-assured,https://github.com/rest-assured/rest-assured,7126,15.4278,0,12090,28974,41.0397,14.0,4.966,3.0,5.5129,1.211,1.0,0.5236,105.8683,1.0,577.4832
google/error-prone,https://github.com/google/error-prone,7150,11.5921,65,168416,106599,35.2393,17.0,7.7078,5.0,13.9538,1.5438,1.0,1.084,27.4555,0.0,346.2337
h2pl/JavaTutorial,https://github.com/h2pl/JavaTutorial,7120,7.9014,1,4933,14,4.6667,6.0,0.3333,0.0,0.4714,1.0,1.0,0.0,0.3333,0.0,0.4714
Alluxio/alluxio,https://github.com/Alluxio/alluxio,7173,13.2594,61,205633,252449,62.6891,30.0,6.808,5.0,8.2212,1.4793,1.0,1.482,30.6588,1.0,238.1432
ogaclejapan/SmartTabLayout,https://github.com/ogaclejapan/SmartTabLayout,7084,11.1102,0,14671,1912,42.4889,27.0,6.3556,4.0,5.7122,1.6444,1.0,0.9697,9.7111,1.0,27.5799
apache/hertzbeat,https://github.com/apache/hertzbeat,7139,4.1369,7,335455,81566,47.367,20.0,7.0337,5.0,6.743,1.248,1.0,1.3715,13.0319,0.0,57.9382
JakeWharton/ActionBarSherlock,https://github.com/JakeWharton/ActionBarSherlock,7072,15.0527,32,21244,26463,61.9742,18.0,6.1265,4.0,7.0537,1.9719,1.0,1.5038,63.3981,0.0,263.9693
traccar/traccar,https://github.com/traccar/traccar,7117,13.9411,69,25132,69487,37.8882,13.0,5.5125,4.0,4.3736,1.7383,2.0,0.6046,6.0038,0.0,48.2568
mrniko/netty-socketio,https://github.com/mrniko/netty-socketio,7025,14.2012,19,2081,6758,38.3977,15.0,4.8239,3.0,6.5129,1.2557,1.0,0.5513,32.1023,0.0,249.3608
naman14/Timber,https://github.com/naman14/Timber,7051,10.7871,5,17485,21859,48.2539,14.0,5.3996,3.0,6.6725,1.4614,1.0,0.8146,19.7483,0.0,171.665
NLPchina/elasticsearch-sql,https://github.com/NLPchina/elasticsearch-sql,7024,11.5866,302,8979,33009,119.1661,39.0,9.4296,6.0,19.6162,2.0794,1.0,1.4964,189.5235,1.0,1267.8889
DroidPluginTeam/DroidPlugin,https://github.com/DroidPluginTeam/DroidPlugin,6976,10.5791,2,1859,22301,28.3728,5.0,3.3028,2.0,5.1829,4.388,3.0,8.0335,3.6997,0.0,23.3136
Col-E/Recaf,https://github.com/Col-E/Recaf,7065,8.6626,170,60291,79406,47.6627,19.0,8.2815,6.0,8.8045,1.5792,1.0,0.9664,27.2953,1.0,171.3001
alibaba/jvm-sandbox,https://github.com/alibaba/jvm-sandbox,6959,8.6434,13,1875,14407,33.1195,12.0,3.3655,2.0,4.232,1.3264,1.0,0.8272,12.3609,0.0,57.5292
macrozheng/springcloud-learning,https://github.com/macrozheng/springcloud-learning,6915,6.5489,0,261,5533,25.3807,6.0,4.8486,3.0,5.0009,1.0229,1.0,0.1497,88.5688,0.0,858.0837
rabbitmq/rabbitmq-tutorials,https://github.com/rabbitmq/rabbitmq-tutorials,6874,15.5099,0,6070,1586,31.098,21.0,4.5882,4.0,2.6359,1.0,1.0,0.0,2.1961,1.0,3.9854
Meituan-Dianping/walle,https://github.com/Meituan-Dianping/walle,6866,9.2047,1,528,4633,49.2872,21.0,3.1489,2.0,4.058,1.1915,1.0,0.7187,8.6915,0.5,23.3598
junit-team/junit-framework,https://github.com/junit-team/junit-framework,6993,11.2033,107,42831,103413,28.8219,10.0,4.658,3.0,5.419,1.2971,1.0,0.9722,35.7104,0.0,734.3589
smuyyh/BookReader,https://github.com/smuyyh/BookReader,6873,9.6427,0,31940,30914,44.226,13.0,4.4134,2.0,6.1189,1.4292,1.0,0.8017,25.3233,0.0,161.7424
hongyangAndroid/okhttputils,https://github.com/hongyangAndroid/okhttputils,6857,10.6064,0,17152,1961,28.0143,12.0,3.7286,2.5,4.0211,1.4571,1.0,0.6478,6.2,0.0,16.6601
getActivity/AndroidProject,https://github.com/getActivity/AndroidProject,6865,7.4223,18,91198,21674,59.0572,21.0,7.9155,5.0,8.5608,2.2534,1.0,1.7449,19.8529,1.0,57.7782
logisim-evolution/logisim-evolution,https://github.com/logisim-evolution/logisim-evolution,6918,11.5154,32,118394,168706,86.2064,37.0,5.792,4.0,6.0761,2.3853,2.0,2.5127,29.1237,1.0,126.5886
guardianproject/haven,https://github.com/guardianproject/haven,6798,9.0678,37,24387,4561,57.7342,24.0,6.8228,4.0,7.2823,1.3924,1.0,0.5828,11.7722,1.0,39.5122
zo0r/react-native-push-notification,https://github.com/zo0r/react-native-push-notification,6791,10.2806,35,1688,1884,64.9655,21.0,6.3103,4.0,6.7574,1.2414,1.0,0.4279,15.4828,0.0,49.3765
fuzhengwei/itstack-demo-design,https://github.com/fuzhengwei/itstack-demo-design,6780,5.848,0,1827,4009,18.6465,14.0,2.1721,2.0,2.2952,1.107,1.0,0.3238,5.3302,0.0,12.4451
527515025/springBoot,https://github.com/527515025/springBoot,6773,9.3799,0,868,6266,23.7348,15.0,5.0985,4.0,4.4113,1.1477,1.0,0.414,15.4962,0.0,70.5957
gzu-liyujiang/AndroidPicker,https://github.com/gzu-liyujiang/AndroidPicker,6772,10.4285,58,30016,13541,56.6569,12.0,5.4351,3.0,6.8525,1.6444,1.0,1.2622,51.7155,0.0,331.2698
Angel-ML/angel,https://github.com/Angel-ML/angel,6787,8.9172,20,93616,207142,106.8844,34.0,7.3189,5.0,9.8479,1.7441,2.0,0.8736,63.4309,0.0,598.8144
raphw/byte-buddy,https://github.com/raphw/byte-buddy,6788,12.3313,313,1008414,291974,46.7907,13.0,5.7808,4.0,7.5113,1.5228,1.0,1.6061,15.2109,0.0,291.2703
Meituan-Dianping/Leaf,https://github.com/Meituan-Dianping/Leaf,6736,7.2882,0,149,1305,32.625,9.5,3.475,1.5,4.1952,1.425,1.0,1.0219,11.25,0.0,34.6177
CeuiLiSA/Pixiv-Shaft,https://github.com/CeuiLiSA/Pixiv-Shaft,6767,6.9843,127,241721,37989,35.7712,12.0,4.194,3.0,5.5149,1.4444,1.0,1.1099,25.3409,0.0,266.8269
markzhai/AndroidPerformanceMonitor,https://github.com/markzhai/AndroidPerformanceMonitor,6733,10.1875,0,1077,2234,41.3704,19.5,4.0741,3.0,3.9056,1.2778,1.0,0.5241,14.0741,0.0,36.9027
zouzg/mybatis-generator-gui,https://github.com/zouzg/mybatis-generator-gui,6708,9.8782,16,14934,3047,78.1282,40.0,7.1795,5.0,7.7124,1.4872,1.0,0.6745,69.9487,3.0,251.8226
quartz-scheduler/quartz,https://github.com/quartz-scheduler/quartz,6709,10.0507,8,26998,35394,69.9486,24.5,4.9585,3.0,5.5813,1.4348,1.0,0.8031,124.5791,1.0,819.3802
648540858/wvp-GB28181-pro,https://github.com/648540858/wvp-GB28181-pro,6734,5.3607,2,73521,49786,63.2605,23.0,8.1868,5.0,10.1539,1.2834,1.0,0.5261,33.3037,0.0,169.5481
hongyangAndroid/AndroidAutoLayout,https://github.com/hongyangAndroid/AndroidAutoLayout,6691,10.3491,0,7466,2370,30.3846,27.0,5.8333,5.0,4.6227,2.0,2.0,0.698,8.8077,8.0,16.2655
getActivity/XXPermissions,https://github.com/getActivity/XXPermissions,6708,7.7782,75,86536,8625,53.5714,16.0,7.4224,5.0,7.1468,1.6708,1.0,0.9443,105.3043,1.0,970.1906
Suwayomi/Suwayomi-Server,https://github.com/Suwayomi/Suwayomi-Server,6684,5.2512,58,101191,41481,100.682,18.0,5.4102,2.0,10.2883,1.6189,1.0,1.4674,1495.5218,1.0,21572.1883
yanzhenjie/AndPermission,https://github.com/yanzhenjie/AndPermission,6647,9.5359,0,1665,4486,26.7024,13.0,3.994,3.0,3.6556,1.1667,1.0,0.3727,7.4881,0.0,35.1566
JesusFreke/smali,https://github.com/JesusFreke/smali,6615,13.5031,0,9535,46762,40.592,17.0,5.8038,4.0,7.8039,1.6345,1.0,1.1914,15.0165,1.0,85.6621
apache/storm,https://github.com/apache/storm,6676,12.386,9,157357,363159,82.2185,27.0,5.3265,3.0,6.705,1.221,1.0,0.7503,49.1198,1.0,430.8209
apache/zeppelin,https://github.com/apache/zeppelin,6607,11.0034,0,114268,190534,90.472,30.0,5.4506,3.0,6.9197,1.2384,1.0,0.6017,43.3989,1.0,343.9268
vespa-engine/vespa,https://github.com/vespa-engine/vespa,6834,9.807,271,479576,608500,53.3678,23.0,5.9902,4.0,7.2424,1.5891,1.0,1.4565,40.3501,1.0,324.2603
pig-mesh/pig,https://github.com/pig-mesh/pig,6600,6.5818,20,40008,7667,20.0183,12.0,6.9217,5.0,6.424,1.3081,1.0,0.5818,5.3003,0.0,53.3386
GrenderG/Toasty,https://github.com/GrenderG/Toasty,6594,9.1828,19,977,487,30.4375,5.5,4.0625,3.0,4.0538,1.0625,1.0,0.2421,56.625,0.0,207.0797
ximsfei/Android-skin-support,https://github.com/ximsfei/Android-skin-support,6521,9.1992,0,54130,18601,47.8175,22.0,5.9486,5.0,5.0394,1.4062,1.0,0.7379,17.7943,1.0,69.3819
NLPchina/ansj_seg,https://github.com/NLPchina/ansj_seg,6545,13.5524,3,352518,12130,55.6422,28.0,6.2431,4.0,5.8639,1.1881,1.0,0.4352,9.578,0.0,42.5702
nayuki/QR-Code-generator,https://github.com/nayuki/QR-Code-generator,6486,9.9439,5,1389,1823,95.9474,60.0,3.9474,3.0,3.5611,1.4211,1.0,1.2276,19.5789,1.0,25.5885
jOOQ/jOOQ,https://github.com/jOOQ/jOOQ,6685,14.9405,122,284472,228085,67.6409,15.0,9.6056,7.0,17.8672,1.7082,1.0,3.0101,1679.7284,3.0,43341.096
processing/processing,https://github.com/processing/processing,6497,13.1636,48,1648017,110008,119.3145,14.0,3.4848,2.0,5.5146,1.5987,1.0,1.9236,507.7614,0.0,7171.2205
ArthurHub/Android-Image-Cropper,https://github.com/ArthurHub/Android-Image-Cropper,6430,11.1923,32,26047,4655,116.375,21.0,7.725,4.0,9.3005,1.375,1.0,0.5333,70.375,0.0,233.7559
freeok/so-novel,https://github.com/freeok/so-novel,6425,3.8412,54,4258,3198,38.0714,28.5,5.8571,4.5,5.2466,1.1786,1.0,0.467,3.1071,0.0,6.4826
wxiaoqi/Spring-Cloud-Platform,https://github.com/wxiaoqi/Spring-Cloud-Platform,6429,8.835,3,212466,6014,33.9774,17.0,4.791,3.0,5.0103,1.4068,1.0,0.8258,57.6497,0.0,210.6429
vinc3m1/RoundedImageView,https://github.com/vinc3m1/RoundedImageView,6420,13.0869,19,8746,1265,84.3333,35.0,8.4,9.0,6.2161,1.8,2.0,0.7483,107.4667,0.0,264.5403
Javen205/IJPay,https://github.com/Javen205/IJPay,6413,8.898,24,25427,14136,51.7802,20.0,5.5018,5.0,10.417,1.37,1.0,0.5794,139.4029,0.0,1330.1711
jetlinks/jetlinks-community,https://github.com/jetlinks/jetlinks-community,6418,6.2286,21,72070,61140,32.9241,16.0,7.8659,6.0,7.4698,1.2676,1.0,0.5352,11.8498,1.0,42.6246
AsyncHttpClient/async-http-client,https://github.com/AsyncHttpClient/async-http-client,6409,15.0527,12,19236,33464,56.4317,21.0,5.4047,4.0,6.3614,1.4857,1.0,0.8111,49.4992,1.0,294.5453
gephi/gephi,https://github.com/gephi/gephi,6411,14.4257,19,660709,135500,54.4395,19.0,4.5661,3.0,5.0497,1.6689,1.0,1.6591,29.4552,1.0,173.9216
aa112901/remusic,https://github.com/aa112901/remusic,6383,10.0041,0,115952,47786,56.5515,17.0,4.9006,3.0,6.2287,1.4533,1.0,0.8078,41.6462,0.0,345.4678
joelittlejohn/jsonschema2pojo,https://github.com/joelittlejohn/jsonschema2pojo,6368,12.7556,67,13774,13773,51.5843,28.0,6.3633,5.0,5.7935,1.161,1.0,0.4975,46.5393,0.0,267.9201
micronaut-projects/micronaut-core,https://github.com/micronaut-projects/micronaut-core,6395,8.052,355,113963,184314,35.7267,12.0,5.655,4.0,7.0138,1.308,1.0,0.9001,36.0155,0.0,411.5278
DerekYRC/mini-spring,https://github.com/DerekYRC/mini-spring,6355,5.3525,1,1103,2509,16.6159,8.0,3.4238,2.0,3.5518,1.2185,1.0,0.6601,5.0861,0.0,20.3561
wasabeef/richeditor-android,https://github.com/wasabeef/richeditor-android,6348,10.9897,0,2898,804,18.6977,5.0,2.4186,2.0,2.5721,1.1395,1.0,0.4081,46.9535,0.0,302.2915
graphhopper/graphhopper,https://github.com/graphhopper/graphhopper,6379,14.0972,46,140496,103318,74.1694,27.0,6.6411,4.0,8.3701,1.2592,1.0,0.6786,31.72,0.0,163.0055
amitshekhariitbhu/from-java-to-kotlin,https://github.com/amitshekhariitbhu/from-java-to-kotlin,6337,8.846,0,273,37,18.5,18.5,0.5,0.5,0.5,1.0,1.0,0.0,0.0,0.0,0.0
sshahine/JFoenix,https://github.com/sshahine/JFoenix,6347,10.5462,0,28243,24546,57.7553,21.0,6.9153,4.0,6.928,1.6235,1.0,0.9601,22.0847,1.0,88.4276
lightbend/config,https://github.com/lightbend/config,6296,14.3025,4,4719,13237,66.185,17.0,5.485,3.0,7.1393,2.055,1.0,4.3626,76.245,0.0,398.3433
koush/ion,https://github.com/koush/ion,6264,12.8433,0,11832,9443,32.6747,11.0,4.5363,3.0,6.0995,1.4602,1.0,1.4621,23.5986,0.0,205.4736
graphql-java/graphql-java,https://github.com/graphql-java/graphql-java,6236,10.7214,101,27540,73132,53.734,21.0,7.8839,5.0,10.2436,1.3512,1.0,0.9015,36.3733,1.0,206.0287
ityouknow/spring-cloud-examples,https://github.com/ityouknow/spring-cloud-examples,6217,8.909,0,76,390,6.5,5.0,3.8333,4.0,1.0672,1.0167,1.0,0.128,0.4667,0.0,2.0854
auth0/java-jwt,https://github.com/auth0/java-jwt,6206,12.052,46,1575,8924,103.7674,32.5,5.6628,3.5,5.4509,1.6279,1.0,1.3123,142.7442,1.0,528.3471
google/grafika,https://github.com/google/grafika,6160,12.2656,1,1092,10035,97.4272,60.0,6.4078,5.0,6.2496,1.7476,2.0,0.8558,6.8932,0.0,16.8049
Vedenin/useful-java-links,https://github.com/Vedenin/useful-java-links,6155,10.1136,0,2325,5967,22.6882,15.0,2.3042,2.0,2.4847,1.0228,1.0,0.1493,1.8327,0.0,6.8439
apache/iotdb,https://github.com/apache/iotdb,6301,7.332,51,345319,814134,88.3967,35.0,8.1444,6.0,14.4833,1.5914,1.0,0.9987,111.4268,1.0,2764.8044
alipay/SoloPi,https://github.com/alipay/SoloPi,6147,7.0335,8,272397,56327,48.1427,13.0,4.2077,2.0,6.1992,1.206,1.0,0.6494,13.1359,0.0,70.3119
loks666/get_jobs,https://github.com/loks666/get_jobs,6143,2.0479,3,47074,9790,81.5833,9.5,5.225,2.0,6.6926,1.0,1.0,0.0,33.3167,0.0,145.4703
LandGrey/SpringBootVulExploit,https://github.com/LandGrey/SpringBootVulExploit,6127,5.848,0,135,258,18.4286,8.5,3.4286,3.0,2.8464,1.0,1.0,0.0,3.5714,0.0,7.1785
obsidiandynamics/kafdrop,https://github.com/obsidiandynamics/kafdrop,6125,6.8309,50,3052,4200,42.0,17.0,5.54,3.0,7.5199,1.32,1.0,0.8471,28.19,0.0,129.6402
ikew0ng/SwipeBackLayout,https://github.com/ikew0ng/SwipeBackLayout,6104,12.5832,0,2934,1635,90.8333,25.0,5.0,3.0,5.4975,1.3889,1.0,0.6781,61.3333,3.0,159.3218
rengwuxian/MaterialEditText,https://github.com/rengwuxian/MaterialEditText,6099,11.4031,19,1071,3385,130.1923,16.0,5.6538,2.0,10.381,1.3077,1.0,0.4615,742.8462,0.0,2052.1568
google/google-java-format,https://github.com/google/google-java-format,6098,10.872,43,2469,12120,78.7013,28.0,6.2987,4.0,10.9995,1.461,1.0,0.8763,87.974,1.0,479.5713
daimajia/NumberProgressBar,https://github.com/daimajia/NumberProgressBar,6095,11.9014,3,158,380,63.3333,7.5,3.1667,0.5,4.4876,1.3333,1.0,0.4714,91.8333,0.0,202.6741
apache/hudi,https://github.com/apache/hudi,6124,9.2786,33,2682396,336778,68.7583,26.0,9.1119,6.0,10.1027,1.549,1.0,1.0149,66.3599,1.0,1024.8873
ZhongFuCheng3y/austin,https://github.com/ZhongFuCheng3y/austin,6045,4.3833,0,20126,6538,18.7874,10.0,6.204,5.0,4.9777,1.1236,1.0,0.3779,1.4511,0.0,5.1098
singwhatiwanna/dynamic-load-apk,https://github.com/singwhatiwanna/dynamic-load-apk,6026,11.989,0,8956,2620,42.2581,13.0,5.8226,3.0,6.2205,1.4355,1.0,0.7322,9.4194,0.0,29.7655
pedrovgs/EffectiveAndroidUI,https://github.com/pedrovgs/EffectiveAndroidUI,6014,11.7262,0,998,1923,26.3425,11.0,4.4384,3.0,4.6168,1.3425,1.0,0.6242,11.6164,1.0,27.5371
jeequan/jeepay,https://github.com/jeequan/jeepay,6002,8.6188,0,6512,17168,31.2145,17.0,8.5982,7.0,7.2061,1.78,2.0,0.8596,4.2909,0.0,28.8673
robolectric/robolectric,https://github.com/robolectric/robolectric,6001,15.5756,111,66227,229196,56.203,15.0,5.8825,4.0,6.6366,1.3504,1.0,1.1735,72.0081,0.0,628.0066
WeiYe-Jing/datax-web,https://github.com/WeiYe-Jing/datax-web,5991,6.3491,5,43670,13801,43.5363,21.0,4.9779,3.0,5.2774,1.388,1.0,0.6816,13.2397,0.0,63.9576
google/physical-web,https://github.com/google/physical-web,5981,11.4853,17,33447,7481,47.9551,14.5,4.7885,3.0,5.5505,1.2885,1.0,0.5548,26.7115,0.0,208.5035
btraceio/btrace,https://github.com/btraceio/btrace,5987,11.5756,33,19435,53263,58.5952,13.0,4.6128,4.0,5.2788,1.3201,1.0,0.8559,80.0385,0.0,1315.6089
rey5137/material,https://github.com/rey5137/material,5967,11.2936,10,3901,27346,89.659,15.0,6.5115,3.0,7.9692,1.6459,1.0,1.1925,54.4951,1.0,190.5109
youtube/api-samples,https://github.com/youtube/api-samples,5960,12.293,0,816,2541,60.5,51.0,6.4048,7.0,4.3592,1.0,1.0,0.0,4.381,0.0,9.7296
wyouflf/xUtils3,https://github.com/wyouflf/xUtils3,5959,10.4093,9,9041,12561,57.6193,23.0,5.2248,3.0,5.3441,1.4083,1.0,0.8796,27.4495,2.0,102.518
00-Evan/shattered-pixel-dungeon,https://github.com/00-Evan/shattered-pixel-dungeon,5975,11.6496,52,186532,164472,59.5266,26.0,5.8024,4.0,8.7942,2.6026,2.0,2.5594,13.8335,1.0,99.193
liyifeng1994/ssm,https://github.com/liyifeng1994/ssm,5939,9.7687,0,12364,369,19.4211,16.0,3.4737,2.0,3.7468,1.6842,1.0,1.0786,2.0526,1.0,3.1702
springfox/springfox,https://github.com/springfox/springfox,5938,13.8864,12,186279,32072,28.2573,16.0,5.6555,3.0,7.5575,1.1198,1.0,0.3935,23.222,0.0,151.2885
JSQLParser/JSqlParser,https://github.com/JSQLParser/JSqlParser,5936,14.7543,37,14542,51273,58.3975,24.0,6.0273,3.5,13.1482,1.5558,1.0,1.0384,507.6276,1.0,8150.204
journeyapps/zxing-android-embedded,https://github.com/journeyapps/zxing-android-embedded,5935,13.3224,9,8388,5169,53.8438,27.0,5.4375,4.0,5.6602,1.3646,1.0,0.6788,21.9167,1.0,87.8582
prolificinteractive/material-calendarview,https://github.com/prolificinteractive/material-calendarview,5930,11.1211,22,4823,3658,41.5682,15.0,6.4545,4.0,7.518,1.5341,1.0,0.7222,69.0114,0.0,528.2896
antoniolg/androidmvp,https://github.com/antoniolg/androidmvp,5910,11.9808,0,327,274,19.5714,16.0,3.2857,2.0,3.6337,1.2857,1.0,0.4518,3.0,0.0,4.4721
weibocom/motan,https://github.com/weibocom/motan,5907,9.9302,28,4698,46905,55.5746,23.0,5.5071,4.0,5.217,1.4171,1.0,0.7767,32.718,1.0,155.2223
apache/fesod,https://github.com/apache/fesod,5899,1.4702,7,32777,22285,36.2358,15.0,5.7626,4.0,5.4682,1.3691,1.0,0.7996,30.2911,1.0,339.9776
amitshekhariitbhu/Fast-Android-Networking,https://github.com/amitshekhariitbhu/Fast-Android-Networking,5891,10.0123,10,2845,19596,34.08,11.0,3.2191,2.0,4.5923,1.2504,1.0,1.1252,13.7687,1.0,100.3942
lets-blade/blade,https://github.com/lets-blade/blade,5884,10.7926,9,3385,15319,49.899,18.0,4.4039,3.0,5.5358,1.1857,1.0,0.6105,42.1564,0.0,185.1643
JakeWharton/DiskLruCache,https://github.com/JakeWharton/DiskLruCache,5865,14.2204,0,416,1937,161.4167,43.0,3.25,2.5,2.8614,1.3333,1.0,0.7454,11.0,3.0,24.5017
ffay/lanproxy,https://github.com/ffay/lanproxy,5857,9.3443,1,9350,2668,42.3492,23.0,4.2381,3.0,3.8574,1.1905,1.0,0.4994,8.2063,0.0,26.9533
ikarus23/MifareClassicTool,https://github.com/ikarus23/MifareClassicTool,5859,13.1143,10,7210,6934,210.1212,68.0,11.1212,9.0,10.23,2.2727,3.0,0.8969,110.0,3.0,394.4122
meefik/linuxdeploy,https://github.com/meefik/linuxdeploy,5795,13.5934,37,53204,2693,72.7838,29.0,7.1622,5.0,7.3504,1.6486,2.0,0.4774,35.8919,3.0,117.7023
PBH-BTN/PeerBanHelper,https://github.com/PBH-BTN/PeerBanHelper,5856,2.13,191,123892,30571,42.3421,15.0,6.4141,4.0,7.8994,1.313,1.0,0.6753,16.0014,0.0,61.0115
Nightonke/BoomMenu,https://github.com/Nightonke/BoomMenu,5791,10.0178,0,103934,7710,67.0435,17.0,5.6348,4.0,6.7196,1.5739,1.0,0.845,227.6696,0.0,2069.2318
yarolegovich/DiscreteScrollView,https://github.com/yarolegovich/DiscreteScrollView,5786,9.0595,2,33353,3698,35.219,11.0,4.2286,2.0,4.7953,1.2476,1.0,0.4532,19.1143,0.0,101.0322
dmytrodanylyk/circular-progress-button,https://github.com/dmytrodanylyk/circular-progress-button,5757,11.8001,3,1127,1429,36.641,13.0,3.9744,2.0,4.3174,1.2821,1.0,0.5038,25.3333,0.0,130.2105
houbb/sensitive-word,https://github.com/houbb/sensitive-word,5752,6.2149,2,5723,4321,18.9518,9.0,3.0526,2.0,3.5869,1.1711,1.0,0.4791,20.8684,0.0,152.5378
JanusGraph/janusgraph,https://github.com/JanusGraph/janusgraph,5747,9.2457,28,60713,104586,55.1614,21.0,6.798,4.0,9.3979,1.433,1.0,0.8253,43.9536,1.0,663.3069
strimzi/strimzi-kafka-operator,https://github.com/strimzi/strimzi-kafka-operator,5752,9.8864,170,89007,123489,81.0827,33.0,10.3487,7.0,12.0238,1.4819,1.0,0.8622,45.3309,1.0,279.0842
k0shk0sh/FastHub,https://github.com/k0shk0sh/FastHub,5735,9.0979,63,19973,40321,43.1702,14.0,7.742,5.0,7.398,1.4379,1.0,0.6832,34.757,1.0,131.533
dromara/lamp-cloud,https://github.com/dromara/lamp-cloud,5732,8.1862,0,52194,18906,23.1408,12.0,7.743,7.0,6.0069,1.2705,1.0,0.4551,6.8911,0.0,34.6605
jagrosh/MusicBot,https://github.com/jagrosh/MusicBot,5730,9.6126,38,7798,4097,44.0538,32.0,6.7419,5.0,6.8704,2.5054,3.0,1.8353,10.5914,1.0,62.7242
yanzhenjie/SwipeRecyclerView,https://github.com/yanzhenjie/SwipeRecyclerView,5718,9.6427,0,29347,11090,40.3273,18.0,4.8473,3.0,5.2368,1.3891,1.0,0.8342,26.9418,0.0,115.2287
ddd-by-examples/library,https://github.com/ddd-by-examples/library,5711,7.2033,0,48023,1770,14.3902,9.0,6.7886,5.0,5.5878,1.0407,1.0,0.2963,5.4309,0.0,23.3144
jpush/aurora-imui,https://github.com/jpush/aurora-imui,5709,9.2813,42,11470,17789,52.0146,13.0,4.807,2.5,7.0319,1.5292,1.0,1.4339,50.269,0.0,406.9053
Devlight/InfiniteCycleViewPager,https://github.com/Devlight/InfiniteCycleViewPager,5703,9.5907,2,279,3564,86.9268,12.0,5.0488,3.0,6.4048,1.6341,2.0,0.8767,102.5366,0.0,507.2119
redis/lettuce,https://github.com/redis/lettuce,5728,11.8768,152,43787,138654,56.3863,23.0,6.3286,4.0,8.2631,1.368,1.0,0.925,146.6023,0.0,3206.038
crazycodeboy/react-native-splash-screen,https://github.com/crazycodeboy/react-native-splash-screen,5667,9.5277,12,3912,246,20.5,13.5,3.4167,2.5,2.8419,1.25,1.0,0.433,2.0,0.5,2.582
201206030/novel,https://github.com/201206030/novel,5677,6.371,12,99486,4560,22.5743,10.0,4.4158,2.0,5.5057,1.0693,1.0,0.3377,20.4257,0.0,66.9391
springside/springside4,https://github.com/springside/springside4,5666,14.0862,3,4837,12842,40.7683,23.0,3.1651,2.0,3.3747,1.2762,1.0,0.8027,24.7841,1.0,108.8383
wasabeef/Blurry,https://github.com/wasabeef/Blurry,5660,10.6749,0,2286,636,45.4286,14.0,5.1429,3.5,4.3729,1.0,1.0,0.0,0.6429,0.0,1.5403
JakeWharton/u2020,https://github.com/JakeWharton/u2020,5662,12.3614,0,9385,4806,35.8657,13.0,6.2164,4.0,8.058,1.4254,1.0,0.8138,23.6194,0.5,183.8984
hanks-zyh/HTextView,https://github.com/hanks-zyh/HTextView,5657,10.2669,0,9880,3076,33.8022,12.0,4.1978,2.0,4.0579,1.5604,1.0,0.759,3.4835,0.0,8.5155
daimajia/AndroidImageSlider,https://github.com/daimajia/AndroidImageSlider,5620,11.8138,5,2165,3813,60.5238,11.0,4.0635,2.0,7.0235,1.5714,1.0,0.7708,59.0952,1.0,358.332
ElderDrivers/EdXposed,https://github.com/ElderDrivers/EdXposed,5664,7.1841,27,12036,71794,78.037,26.0,5.6435,4.0,6.2819,1.5674,1.0,1.0129,191.0783,1.0,2192.5792
TommyLemon/Android-ZBLibrary,https://github.com/TommyLemon/Android-ZBLibrary,5607,10.5982,25,32797,14727,46.3113,15.0,5.3774,3.0,6.4008,1.5597,1.0,1.0315,26.6667,0.0,131.4035
hongyangAndroid/FlowLayout,https://github.com/hongyangAndroid/FlowLayout,5587,10.5763,0,910,810,23.8235,7.0,4.3235,3.0,3.7552,1.4118,1.0,0.5487,5.0,0.0,15.7704
baidu/uid-generator,https://github.com/baidu/uid-generator,5581,8.9966,0,390,873,34.92,24.0,2.88,1.0,3.3145,1.28,1.0,0.7222,11.72,1.0,20.7702
alibaba/jetcache,https://github.com/alibaba/jetcache,5573,8.9528,67,3853,18021,40.4058,17.0,5.5516,3.5,5.9422,1.6099,1.0,1.0778,15.9081,0.0,111.324
amlcurran/ShowcaseView,https://github.com/amlcurran/ShowcaseView,5562,13.6126,13,15237,2086,32.0923,17.0,5.3846,5.0,5.5489,1.4,1.0,0.6748,17.8154,0.0,117.957
mik3y/usb-serial-for-android,https://github.com/mik3y/usb-serial-for-android,5562,12.7337,34,929,8450,117.3611,24.0,6.0,4.0,7.1686,1.375,1.0,0.6548,39.5417,1.0,117.6113
hneemann/Digital,https://github.com/hneemann/Digital,5563,9.7413,35,39655,76080,41.8712,20.0,4.8382,3.0,5.5817,1.6676,1.0,1.711,13.246,0.0,95.5689
alibaba/QLExpress,https://github.com/alibaba/QLExpress,5553,9.0294,25,4736,13807,38.893,19.0,5.2366,3.0,10.8457,1.4,1.0,0.6395,44.0028,2.0,330.1538
nhaarman/ListViewAnimations,https://github.com/nhaarman/ListViewAnimations,5539,13.0185,14,25513,5697,41.5839,17.0,6.4745,5.0,5.4813,2.0584,2.0,1.2308,10.4599,0.0,44.8937
knightliao/disconf,https://github.com/knightliao/disconf,5534,11.822,12,8619,14009,32.9624,18.0,4.3976,3.0,5.0559,1.3506,1.0,0.8186,12.6165,0.0,68.1351
SuperMonster003/AutoJs6,https://github.com/SuperMonster003/AutoJs6,5546,4.3149,21,317450,118612,65.1714,21.0,5.0978,3.0,6.6195,1.4582,1.0,0.8757,42.4038,1.0,268.8258
danikula/AndroidVideoCache,https://github.com/danikula/AndroidVideoCache,5516,10.9843,20,116062,3217,41.7792,18.0,4.8312,3.0,4.8601,1.4935,1.0,0.6571,14.3247,1.0,34.0216
wuhaoyu1990/MagicCamera,https://github.com/wuhaoyu1990/MagicCamera,5515,10.2122,0,17476,14543,41.3153,25.0,3.5455,3.0,4.9878,1.4688,1.0,0.6819,7.6307,0.0,33.1724
CaffeineMC/sodium,https://github.com/CaffeineMC/sodium,5512,6.1465,40,8765,30799,41.0107,18.0,6.1771,4.0,6.6864,1.5126,1.0,2.3866,17.2916,1.0,71.2101
cinit/QAuxiliary,https://github.com/cinit/QAuxiliary,5500,4.1533,49,9090,42931,76.7996,36.0,6.8426,5.0,7.0162,1.322,1.0,0.5861,40.5098,1.0,246.0457
osmandapp/OsmAnd,https://github.com/osmandapp/OsmAnd,5607,15.1896,1,1152807,698686,113.9781,27.0,8.8507,5.0,11.0443,1.729,1.0,2.2606,109.0574,1.0,623.2692
emilsjolander/StickyListHeaders,https://github.com/emilsjolander/StickyListHeaders,5482,14.0397,16,3866,2112,49.1163,10.0,4.814,3.0,6.8684,1.3953,1.0,0.652,3.9767,0.0,15.3479
Jasonchenlijian/FastBle,https://github.com/Jasonchenlijian/FastBle,5476,9.588,9,35234,4713,44.8857,8.0,4.381,2.0,5.8885,1.2952,1.0,0.5678,26.0667,0.0,183.3653
GeyserMC/Geyser,https://github.com/GeyserMC/Geyser,5484,6.7159,0,36732,65038,47.6469,19.0,7.8864,6.0,10.4606,1.7392,1.0,1.187,33.9509,1.0,447.3862
scribejava/scribejava,https://github.com/scribejava/scribejava,5470,15.5537,9,2627,12671,25.6498,17.0,3.5202,2.0,3.3419,1.33,1.0,0.6057,10.9352,1.0,89.8241
alibaba/freeline,https://github.com/alibaba/freeline,5464,9.6427,22,75385,5357,39.6815,16.0,3.7407,2.0,4.5509,1.6074,1.0,1.5011,13.8667,1.0,63.301
motianhuo/wechat,https://github.com/motianhuo/wechat,5469,10.8364,0,96503,29413,53.4782,19.0,4.9127,3.0,7.0644,1.2709,1.0,0.6696,13.4764,0.0,79.308
apache/hbase,https://github.com/apache/hbase,5581,11.8412,50,513004,951985,81.7435,25.0,7.8042,5.0,10.5852,1.4876,1.0,1.5836,70.1477,1.0,891.1955
KeepSafe/TapTargetView,https://github.com/KeepSafe/TapTargetView,5462,9.5359,24,4429,1965,50.3846,15.0,4.5128,2.0,6.9794,1.1538,1.0,0.426,49.8974,0.0,243.3691
dm77/barcodescanner,https://github.com/dm77/barcodescanner,5444,12.0794,6,10971,2796,38.3014,10.0,5.274,2.0,6.1982,1.6438,1.0,0.85,11.8219,0.0,32.6003
sockeqwe/mosby,https://github.com/sockeqwe/mosby,5460,11.0034,15,26564,17138,25.8882,12.0,5.287,3.0,5.5821,1.4849,1.0,0.9126,9.6375,0.0,27.9549
jindrapetrik/jpexs-decompiler,https://github.com/jindrapetrik/jpexs-decompiler,5489,11.8768,181,317299,369414,87.5181,22.0,5.7155,3.0,12.1265,1.8339,1.0,1.8989,60.9446,1.0,659.3284
liquibase/liquibase,https://github.com/liquibase/liquibase,5461,14.7132,107,218231,99130,57.1684,24.0,6.7503,4.0,7.4698,1.7514,2.0,0.8725,66.1269,3.0,563.2158
rubenlagus/TelegramBots,https://github.com/rubenlagus/TelegramBots,5426,10.1958,113,4084,22367,27.8197,16.0,10.3806,11.0,6.592,2.0025,1.0,1.5983,11.3097,0.0,102.0816
socketio/socket.io-client-java,https://github.com/socketio/socket.io-client-java,5414,12.909,7,2402,5639,24.6245,7.0,1.9214,1.0,2.7931,1.0961,1.0,0.4173,4.2533,0.0,34.0211
facebookarchive/rebound,https://github.com/facebookarchive/rebound,5405,12.4545,10,23623,4095,47.069,13.0,4.2874,2.0,5.5063,1.3218,1.0,0.5772,34.931,0.0,236.7318
tonikelope/megabasterd,https://github.com/tonikelope/megabasterd,5402,9.4867,208,85027,20673,102.8507,5.0,2.7612,1.0,4.3916,1.4876,1.0,1.3275,85.7214,0.0,377.9834
apache/groovy,https://github.com/apache/groovy,5438,10.9432,0,236137,203424,71.7798,19.0,5.1958,3.0,9.8455,2.1217,1.0,4.1231,424.8769,1.0,12032.7022
TGX-Android/Telegram-X,https://github.com/TGX-Android/Telegram-X,5437,4.6051,6,45753,421700,146.2205,20.0,9.0426,4.0,18.912,1.3904,1.0,0.7741,549.1099,1.0,8504.039
spring-projects/spring-data-examples,https://github.com/spring-projects/spring-data-examples,5415,12.1506,0,18340,51538,7.7443,4.0,2.6335,2.0,1.6466,1.0062,1.0,0.089,0.47,0.0,2.3045
coobird/thumbnailator,https://github.com/coobird/thumbnailator,5397,10.6694,0,11781,19595,87.4777,24.0,4.0893,2.0,4.8496,1.2366,1.0,0.7086,93.2232,0.0,849.4995
facebookarchive/shimmer-android,https://github.com/facebookarchive/shimmer-android,5364,11.0719,5,4787,885,126.4286,126.0,8.5714,9.0,6.1611,1.8571,2.0,0.6389,18.0,10.0,22.6653
LFDT-web3j/web3j,https://github.com/LFDT-web3j/web3j,5384,9.5551,121,11780,43232,34.1755,9.0,4.1257,2.0,8.5306,1.7075,1.0,1.6452,35.4791,0.0,213.6611
diffplug/spotless,https://github.com/diffplug/spotless,5380,10.9131,52,22933,38634,41.2316,23.0,4.8079,4.0,4.0611,1.7353,1.0,1.2654,13.9146,1.0,95.0536
Evernote/android-job,https://github.com/Evernote/android-job,5362,10.5982,31,1860,10693,56.5767,19.0,6.9947,4.0,6.0391,1.7672,1.0,2.3432,32.0053,1.0,135.0361
killbill/killbill,https://github.com/killbill/killbill,5391,13.4237,151,681437,151373,61.8354,23.0,8.5449,6.0,9.9833,1.7263,1.0,1.0131,28.2328,1.0,123.8756
h6ah4i/android-advancedrecyclerview,https://github.com/h6ah4i/android-advancedrecyclerview,5339,11.1677,1,9111,20692,52.3848,17.0,6.438,4.0,6.8157,2.2582,2.0,1.8931,32.0228,0.0,194.4129
jgilfelt/SystemBarTint,https://github.com/jgilfelt/SystemBarTint,5334,12.3532,3,1099,807,89.6667,41.0,8.0,7.0,4.8762,1.7778,2.0,0.6285,22.5556,1.0,35.0622
remkop/picocli,https://github.com/remkop/picocli,5340,9.1444,86,84872,95902,32.7199,5.0,2.9113,2.0,4.8017,1.1119,1.0,1.4764,59.0928,0.0,971.7357
google/google-authenticator,https://github.com/google/google-authenticator,5322,11.4634,0,2433,3935,64.5082,18.0,3.8852,2.0,5.0085,1.6885,1.0,1.2999,29.6557,1.0,89.415
pmd/pmd,https://github.com/pmd/pmd,5356,13.7057,114,562817,148354,36.1222,13.0,5.5885,4.0,8.3059,1.9757,2.0,2.5188,43.7146,1.0,591.0551
gsantner/markor,https://github.com/gsantner/markor,5322,8.5804,81,38788,30245,87.9215,26.0,6.8547,4.0,9.9424,1.4767,1.0,0.9582,129.5087,1.0,997.6315
XRecyclerView/XRecyclerView,https://github.com/XRecyclerView/XRecyclerView,5322,10.3518,0,6529,5151,31.0301,9.0,3.9096,2.0,4.8319,1.4217,1.0,0.6036,9.0422,0.0,62.9002
allure-framework/allure2,https://github.com/allure-framework/allure2,5320,9.8289,84,17709,10734,37.1419,14.0,5.8062,4.0,5.5141,1.3045,1.0,0.7875,13.7716,1.0,52.7739
dunwu/db-tutorial,https://github.com/dunwu/db-tutorial,5318,8.6297,0,13001,11203,53.6029,15.0,5.2057,4.0,5.1523,1.1818,1.0,0.5494,32.6077,0.0,181.0662
mybatis/generator,https://github.com/mybatis/generator,5318,13.1198,12,65128,73169,101.4827,24.0,6.7198,5.0,6.3001,2.3592,2.0,1.5008,85.6338,3.0,456.5433
commonsguy/cw-omnibus,https://github.com/commonsguy/cw-omnibus,5337,14.037,36,75165,71153,36.5637,18.0,5.3263,4.0,4.9714,1.7826,2.0,0.8718,20.0606,0.0,131.5953
Doikki/DKVideoPlayer,https://github.com/Doikki/DKVideoPlayer,5308,8.9555,32,90266,18446,48.9284,17.0,5.3183,2.0,6.2795,1.5915,1.0,0.8449,46.7533,0.0,392.3128
Fuzion24/JustTrustMe,https://github.com/Fuzion24/JustTrustMe,5289,11.6687,1,434,598,22.1481,6.0,2.2963,1.0,4.1528,1.1852,1.0,0.4743,2.7037,0.0,8.8978
evant/gradle-retrolambda,https://github.com/evant/gradle-retrolambda,5283,12.6379,37,609,623,24.92,13.0,4.6,3.0,3.5327,1.04,1.0,0.196,2.16,0.0,8.8258
zfdang/Android-Touch-Helper,https://github.com/zfdang/Android-Touch-Helper,5292,5.4401,113,156783,2257,41.0364,12.0,4.1273,3.0,5.1241,1.1818,1.0,0.3857,1.9455,0.0,8.3675
yixia/VitamioBundle,https://github.com/yixia/VitamioBundle,5269,13.4319,0,186316,6501,64.3663,21.0,4.9505,3.0,6.0793,1.3168,1.0,0.5959,75.0693,0.0,586.3464
xxv/android-lifecycle,https://github.com/xxv/android-lifecycle,5266,11.937,0,3027,481,80.1667,104.0,7.0,7.5,4.761,1.6667,2.0,0.4714,151.6667,190.0,111.3323
Docile-Alligator/Infinity-For-Reddit,https://github.com/Docile-Alligator/Infinity-For-Reddit,5270,7.666,196,31905,96415,60.2594,14.0,6.81,4.0,10.5878,1.5194,1.0,2.3695,31.3475,1.0,318.1038
runelite/runelite,https://github.com/runelite/runelite,5331,9.9001,0,108685,519775,126.4967,17.0,3.3831,0.0,6.9402,1.2088,1.0,0.7164,24.5461,0.0,845.5792
citerus/dddsample-core,https://github.com/citerus/dddsample-core,5264,11.1458,0,8533,4639,29.5478,19.0,7.0892,5.0,6.5056,1.1274,1.0,0.4884,7.0318,0.0,23.3449
CodingDocs/springboot-guide,https://github.com/CodingDocs/springboot-guide,5263,7.3238,0,5318,1522,10.9496,7.0,4.1151,3.0,3.1027,1.1799,1.0,0.5658,1.3525,0.0,5.4823
lingochamp/okdownload,https://github.com/lingochamp/okdownload,5258,8.271,8,8129,18986,55.3528,21.0,6.4373,4.0,6.8342,1.2653,1.0,0.7766,35.2595,0.0,203.936
razerdp/BasePopup,https://github.com/razerdp/BasePopup,5257,10.193,15,20629,28316,49.8521,16.0,5.4806,3.0,6.2548,1.6919,1.0,1.2009,34.331,1.0,226.1794
j-easy/easy-rules,https://github.com/j-easy/easy-rules,5236,13.0431,10,1776,4857,29.9815,17.0,5.0926,4.0,3.5552,1.3148,1.0,0.6524,7.6296,1.0,23.4363
Yalantis/Side-Menu.Android,https://github.com/Yalantis/Side-Menu.Android,5234,11.1978,2,1048,449,24.9444,8.5,3.8889,2.0,5.054,1.2222,1.0,0.4157,4.1111,0.0,10.1811
novicezk/midjourney-proxy,https://github.com/novicezk/midjourney-proxy,5233,2.9213,0,5870,2787,30.9667,13.5,5.9,5.0,5.6922,1.2444,1.0,0.5439,5.8111,0.0,14.3294
huangyanbin/smartTable,https://github.com/huangyanbin/smartTable,5231,8.3778,44,63951,14165,38.9148,11.0,5.0907,2.0,7.5785,1.1896,1.0,0.4567,25.9286,0.0,203.6392
thinkaurelius/titan,https://github.com/thinkaurelius/titan,5237,14.078,0,91250,71163,44.6443,14.0,5.7296,3.0,8.4086,1.3488,1.0,0.7328,20.5056,1.0,117.1953
CellularPrivacy/Android-IMSI-Catcher-Detector,https://github.com/CellularPrivacy/Android-IMSI-Catcher-Detector,5223,12.3368,48,11302,12171,48.49,15.0,5.0598,3.0,6.8484,1.3307,1.0,0.6607,4.9641,0.0,16.3299
lucasr/twoway-view,https://github.com/lucasr/twoway-view,5218,13.18,0,2554,3688,72.3137,30.0,6.0784,4.0,5.7355,1.8235,1.0,1.1998,86.5882,1.0,425.0632
Karumi/Dexter,https://github.com/Karumi/Dexter,5208,10.3546,33,2928,2197,27.4625,12.0,4.425,3.0,5.2196,1.2,1.0,0.5568,4.15,0.0,14.5009
bitcoinj/bitcoinj,https://github.com/bitcoinj/bitcoinj,5212,12.3477,14,28625,46448,74.3168,20.0,6.4448,4.0,9.5402,1.72,1.0,2.727,87.9696,0.0,691.109
oshi/oshi,https://github.com/oshi/oshi,5197,14.1218,172,347830,48337,58.4486,31.0,4.9081,4.0,5.021,1.6505,1.0,1.1905,30.2213,1.0,120.8596
brianfrankcooper/YCSB,https://github.com/brianfrankcooper/YCSB,5197,15.9316,55,32808,22410,94.9576,47.0,7.0254,3.0,7.511,1.6356,1.0,0.7497,7.8517,0.0,19.479
hustcc/JS-Sorting-Algorithm,https://github.com/hustcc/JS-Sorting-Algorithm,5194,9.18,0,3636,389,32.4167,31.0,3.5833,3.0,3.5227,1.0,1.0,0.0,2.8333,0.5,4.2785
zhanglei-workspace/shopping-management-system,https://github.com/zhanglei-workspace/shopping-management-system,5190,10.3573,0,4353,5353,55.1856,34.0,3.5155,3.0,3.5728,1.3608,1.0,0.6609,76.3299,3.0,589.7053
Clans/FloatingActionButton,https://github.com/Clans/FloatingActionButton,5187,11.0144,14,3389,2805,59.6809,10.0,4.6383,2.0,7.2974,1.383,1.0,0.7594,139.6809,0.0,684.4441
reactor/reactor-core,https://github.com/reactor/reactor-core,5211,10.3737,224,66109,202714,90.2958,32.0,6.8753,6.0,7.8618,1.5875,1.0,1.5211,121.6053,1.0,2142.2575
Exrick/xpay,https://github.com/Exrick/xpay,5181,8.2847,0,12147,1449,69.0,37.0,6.4286,5.0,6.7158,1.0,1.0,0.0,93.4286,1.0,281.5517
android/views-widgets-samples,https://github.com/android/views-widgets-samples,5181,6.5489,0,63755,7344,48.3158,17.0,4.0197,2.0,4.2573,1.7303,1.0,1.1808,7.0132,0.0,20.9639
baomidou/dynamic-datasource,https://github.com/baomidou/dynamic-datasource,5154,7.9097,19,1398,5219,29.3202,21.0,5.4101,4.0,4.7671,1.1404,1.0,0.4828,2.3258,0.0,8.1057
killme2008/aviatorscript,https://github.com/killme2008/aviatorscript,5178,14.9925,52,13202,37528,71.6183,18.0,4.0973,3.0,6.4722,1.4924,1.0,0.7679,63.1527,1.0,382.4336
square/otto,https://github.com/square/otto,5135,13.744,0,703,1987,23.3765,8.0,2.4353,1.0,3.1114,1.3882,1.0,0.869,3.5529,0.0,14.5348
careercup/ctci,https://github.com/careercup/ctci,5145,13.0103,0,2169,11244,36.1543,28.0,1.8199,2.0,1.3773,1.119,1.0,0.4341,5.0965,1.0,17.8458
deathmarine/Luyten,https://github.com/deathmarine/Luyten,5118,12.7064,17,5857,6750,52.3256,13.0,2.3488,1.0,4.1083,1.5426,1.0,1.5848,15.4496,0.0,65.1635
natario1/CameraView,https://github.com/natario1/CameraView,5127,8.6872,42,30122,21155,39.6161,11.0,5.4869,3.0,8.0382,1.3745,1.0,0.7358,34.7622,0.0,335.3235
tianshiyeben/wgcloud,https://github.com/tianshiyeben/wgcloud,5114,7.1923,31,51204,6105,51.7373,37.5,6.0424,3.0,7.7168,1.1949,1.0,0.3961,34.5424,9.5,49.4073
youlookwhat/DesignPattern,https://github.com/youlookwhat/DesignPattern,5100,9.4264,0,4512,2603,13.2132,8.0,2.5381,2.0,3.5999,1.2792,1.0,0.4486,1.4264,0.0,4.5443
sofastack/sofa-boot,https://github.com/sofastack/sofa-boot,5078,7.9808,83,4877,32830,27.7985,12.0,5.1296,3.0,5.4245,1.1981,1.0,0.5347,17.8188,0.0,246.1189
xuexiangjys/XUI,https://github.com/xuexiangjys/XUI,5075,7.2142,23,279853,91066,54.9584,16.0,5.6566,3.0,6.3378,1.5751,1.0,0.8499,52.7103,1.0,351.9592
apache/calcite,https://github.com/apache/calcite,5103,11.7509,0,109489,378119,65.6343,18.0,7.5306,5.0,10.0498,1.6884,1.0,2.1017,404.0154,1.0,8706.0169
LWJGL/lwjgl3,https://github.com/LWJGL/lwjgl3,5305,13.2539,23,132425,1152155,108.1734,52.0,6.7189,6.0,8.1106,2.2925,2.0,1.0729,869.1545,91.0,15149.2938
line/armeria,https://github.com/line/armeria,5084,10.3573,270,327254,314336,46.0431,18.0,6.3846,5.0,6.4395,1.3025,1.0,0.8186,32.699,0.0,258.287
OpenTSDB/opentsdb,https://github.com/OpenTSDB/opentsdb,5064,15.5784,27,41493,104636,109.2234,23.0,6.6921,4.0,7.0983,1.2839,1.0,0.8011,64.8758,0.0,365.7923
Sayi/poi-tl,https://github.com/Sayi/poi-tl,5051,11.0171,14,102892,22801,43.4305,23.0,5.6876,4.0,6.9231,1.2,1.0,0.5127,89.6552,0.0,1505.7609
wequick/Small,https://github.com/wequick/Small,5042,10.3272,25,7023,7726,41.7622,6.0,3.8,2.0,4.9394,1.4757,1.0,0.8257,20.1676,0.0,142.9105
2227324689/gpmall,https://github.com/2227324689/gpmall,5039,6.6886,0,56925,8865,20.908,9.0,4.8514,3.0,5.7486,1.3538,1.0,0.6199,8.1698,0.0,43.2902
jankotek/mapdb,https://github.com/jankotek/mapdb,5037,13.6044,0,10247,20198,76.7985,18.0,3.2395,2.0,4.1078,2.0228,1.0,3.5465,81.8479,0.0,451.8973
javastacks/spring-boot-best-practice,https://github.com/javastacks/spring-boot-best-practice,5036,7.3758,1,440,2396,12.2872,8.0,5.0,4.0,3.6332,1.0923,1.0,0.3385,3.2615,0.0,25.6008
Trinea/android-common,https://github.com/Trinea/android-common,5023,13.7659,1,1268,6716,61.0545,22.0,4.4455,3.0,4.2246,1.2455,1.0,0.6207,43.0636,1.0,150.1976
yipianfengye/android-zxingLibrary,https://github.com/yipianfengye/android-zxingLibrary,5018,9.6646,0,10170,2018,38.8077,15.5,4.7115,3.0,5.6546,1.3269,1.0,0.5792,5.6346,0.0,15.1607
youlookwhat/CloudReader,https://github.com/youlookwhat/CloudReader,5008,9.3443,26,95457,19393,39.4167,16.0,4.748,3.0,5.5107,1.4553,1.0,0.9218,19.4126,0.0,84.1617
bisq-network/bisq,https://github.com/bisq-network/bisq,5068,12.0383,143,937273,178870,48.148,19.0,7.3292,4.0,9.3237,1.6802,1.0,1.0756,30.1655,1.0,368.1297
rubensousa/GravitySnapHelper,https://github.com/rubensousa/GravitySnapHelper,5000,9.5661,15,83096,600,85.7143,17.0,6.8571,6.0,5.7179,1.5714,1.0,0.7284,66.0,1.0,152.3727
ageerle/ruoyi-ai,https://github.com/ageerle/ruoyi-ai,4991,2.1903,6,66425,27206,29.8967,13.0,6.9352,5.0,7.3623,1.2736,1.0,0.5826,9.6132,0.0,35.8193
JodaOrg/joda-time,https://github.com/JodaOrg/joda-time,4989,14.8611,51,13041,91632,164.5099,56.0,7.4363,6.0,7.0419,2.1616,2.0,1.5975,295.3788,10.0,783.8593
DingMouRen/LayoutManagerGroup,https://github.com/DingMouRen/LayoutManagerGroup,4988,7.9097,0,45688,2285,36.2698,15.0,4.9524,3.0,4.2926,1.5714,2.0,0.526,9.1429,0.0,38.4926
spring-attic/spring-mvc-showcase,https://github.com/spring-attic/spring-mvc-showcase,4985,14.8118,0,765,1281,22.0862,18.0,5.1724,5.0,3.6537,1.2069,1.0,0.4456,9.4483,0.0,23.6615
orhanobut/dialogplus,https://github.com/orhanobut/dialogplus,4975,11.2854,9,6790,1047,36.1034,8.0,5.2414,3.0,6.1848,1.0345,1.0,0.1825,57.8621,0.0,250.7365
alibaba/UltraViewPager,https://github.com/alibaba/UltraViewPager,4966,8.9911,10,8873,1518,63.25,13.5,5.2083,2.0,6.7081,1.375,1.0,0.4841,58.375,0.0,122.2527
spring-cloud/spring-cloud-netflix,https://github.com/spring-cloud/spring-cloud-netflix,4963,11.707,30,21117,8028,33.59,12.0,7.364,6.0,6.7895,1.1925,1.0,0.5058,94.4017,0.0,941.519
roncoo/roncoo-pay,https://github.com/roncoo/roncoo-pay,4963,9.6783,0,18383,19910,50.533,28.0,4.9315,3.0,5.8168,1.2589,1.0,0.5735,62.9365,3.0,312.4031
apache/ignite,https://github.com/apache/ignite,5059,11.0965,0,475078,1109094,52.6961,15.0,5.55,3.0,8.7174,1.6313,1.0,1.4952,491.3293,0.0,64540.3512
frogermcs/InstaMaterial,https://github.com/frogermcs/InstaMaterial,4954,11.373,1,4531,2223,27.7875,7.0,4.7875,2.0,6.3378,1.5375,1.0,0.8506,9.9375,0.0,29.397
react-native-config/react-native-config,https://github.com/react-native-config/react-native-config,4954,10.0862,33,4836,443,22.15,13.5,4.6,4.0,2.8705,1.5,1.0,0.6708,1.95,1.0,3.3686
rstudio/rstudio,https://github.com/rstudio/rstudio,4976,15.2991,0,1034104,236365,32.9658,9.0,4.8113,2.0,9.9845,1.2682,1.0,0.6101,338.7004,0.0,12883.4555
react-native-webrtc/react-native-webrtc,https://github.com/react-native-webrtc/react-native-webrtc,4949,10.4942,82,432185,4108,61.3134,18.0,6.1194,4.0,9.3514,1.1493,1.0,0.3563,8.6567,0.0,29.1556
Devlight/NavigationTabBar,https://github.com/Devlight/NavigationTabBar,4935,9.9904,13,389,2538,43.7586,10.0,4.0172,2.0,5.9582,1.3103,1.0,0.5635,57.5,0.5,385.905
querydsl/querydsl,https://github.com/querydsl/querydsl,4960,14.6393,35,51741,98636,30.5186,12.0,5.0325,3.0,5.9883,1.8905,1.0,2.011,42.9007,0.0,572.7568
amitshekhariitbhu/RxJava2-Android-Samples,https://github.com/amitshekhariitbhu/RxJava2-Android-Samples,4926,9.577,0,477,3992,21.5784,15.0,3.6649,2.0,4.3628,1.2541,1.0,0.4595,6.2865,0.0,41.619
DiUS/java-faker,https://github.com/DiUS/java-faker,4925,14.8036,0,6147,6710,29.8222,17.0,3.9511,3.0,6.3814,1.4489,1.0,0.4974,40.7467,0.0,390.3358
traex/RippleEffect,https://github.com/traex/RippleEffect,4904,11.447,0,833,504,26.5263,5.0,3.4211,2.0,4.9558,1.3684,1.0,0.4824,23.1579,0.0,96.1355
HeliBorg/HeliBoard,https://github.com/HeliBorg/HeliBoard,4922,4.0465,63,293011,22663,94.8243,42.0,6.6695,4.0,9.0796,1.4644,1.0,0.9135,74.8494,1.0,275.5637
cglib/cglib,https://github.com/cglib/cglib,4895,11.9918,15,4944,17670,35.4819,9.0,3.2048,1.0,5.3231,1.5281,1.0,1.1548,261.7972,0.0,5172.9694
fuzhengwei/small-spring,https://github.com/fuzhengwei/small-spring,4899,4.8624,0,10594,10208,27.3673,10.0,3.4558,2.0,3.9679,1.252,1.0,0.829,12.9303,0.0,65.1613
Ramotion/folding-cell-android,https://github.com/Ramotion/folding-cell-android,4894,9.9822,0,26341,812,38.6667,10.0,4.1429,2.0,4.4109,1.3333,1.0,0.4714,13.381,0.0,36.617
angryip/ipscan,https://github.com/angryip/ipscan,4895,14.7406,32,117394,12374,33.9945,18.0,4.9698,3.0,4.7754,1.6896,1.0,1.6624,4.3544,0.0,12.7065
reactive-streams/reactive-streams-jvm,https://github.com/reactive-streams/reactive-streams-jvm,4872,12.0712,0,1846,15738,34.2876,13.0,3.122,3.0,2.6433,1.2767,1.0,0.7974,20.3355,0.0,127.823
orientechnologies/orientdb,https://github.com/orientechnologies/orientdb,4943,13.2895,232,296737,452803,88.6458,29.0,6.5002,4.0,9.0894,1.6143,1.0,0.9473,312.6239,1.0,16210.7136
zhkl0228/unidbg,https://github.com/zhkl0228/unidbg,4867,7.0773,16,615070,94224,54.9732,15.0,5.1733,4.0,6.367,1.4837,1.0,1.1684,28.7678,0.0,243.7235
mock-server/mockserver,https://github.com/mock-server/mockserver,4860,13.076,0,51573,65134,58.7322,27.0,7.0658,5.0,7.3956,1.6186,1.0,0.9876,95.8224,1.0,1162.8252
mcxiaoke/packer-ng-plugin,https://github.com/mcxiaoke/packer-ng-plugin,4814,10.3354,1,1458,1776,57.2903,29.0,2.8065,2.0,2.4019,1.3871,1.0,0.868,18.6452,1.0,40.7681
andkulikov/Transitions-Everywhere,https://github.com/andkulikov/Transitions-Everywhere,4798,11.4442,23,1247,9485,49.1451,13.0,6.8705,5.0,6.0583,1.6788,1.0,1.343,25.7202,0.0,222.8396
micrometer-metrics/micrometer,https://github.com/micrometer-metrics/micrometer,4833,8.9555,291,39550,85603,42.4408,18.0,5.6554,4.0,6.4956,1.2831,1.0,0.6405,19.9668,0.0,134.6765
Threekiii/Awesome-POC,https://github.com/Threekiii/Awesome-POC,4885,4.0931,2,840547,42,42.0,42.0,7.0,7.0,0.0,2.0,2.0,0.0,0.0,0.0,0.0
claritylab/lucida,https://github.com/claritylab/lucida,4790,11.8686,0,1352332,23221,86.6455,39.0,5.9142,4.0,6.8565,1.5448,1.0,0.7834,23.5187,1.0,74.0777
deepjavalibrary/djl,https://github.com/deepjavalibrary/djl,4794,6.4038,38,49715,96934,58.1139,31.0,6.4077,5.0,5.4827,1.4508,1.0,0.9435,132.8831,3.0,1686.7287
oracle/opengrok,https://github.com/oracle/opengrok,4785,13.2129,302,541181,71477,62.2622,24.0,5.1246,3.0,6.6737,1.4922,1.0,0.879,78.4416,1.0,1076.929
ronmamo/reflections,https://github.com/ronmamo/reflections,4774,12.9418,3,1064,4782,24.2741,8.0,2.7716,1.0,5.432,1.1523,1.0,0.5009,13.6599,0.0,71.1835
tuguangquan/mybatis,https://github.com/tuguangquan/mybatis,4776,11.3922,0,50815,39118,37.6497,17.0,3.6795,2.0,5.0631,1.2772,1.0,0.7264,21.4678,0.0,204.1124
etsy/AndroidStaggeredGrid,https://github.com/etsy/AndroidStaggeredGrid,4771,12.293,7,878,4010,111.3889,27.5,5.8611,3.0,6.4942,1.8611,1.5,1.3975,155.8889,0.5,657.6445
TheoKanning/openai-java,https://github.com/TheoKanning/openai-java,4763,5.525,22,547,2783,16.8667,7.0,5.3879,4.0,8.2091,1.0848,1.0,0.3718,15.5515,0.0,182.3202
saiwu-bigkoo/Android-ConvenientBanner,https://github.com/saiwu-bigkoo/Android-ConvenientBanner,4757,11.2553,0,12540,848,29.2414,15.0,4.8276,3.0,5.2658,1.4483,1.0,0.674,7.7931,1.0,19.8031
tencentmusic/supersonic,https://github.com/tencentmusic/supersonic,4764,2.7871,15,87267,46563,40.9165,14.0,6.2091,4.0,7.1079,1.29,1.0,0.6248,46.0202,0.0,654.0951
nisrulz/android-tips-tricks,https://github.com/nisrulz/android-tips-tricks,4752,9.5797,0,34266,22,22.0,22.0,1.0,1.0,0.0,1.0,1.0,0.0,0.0,0.0,0.0
dromara/dynamic-tp,https://github.com/dromara/dynamic-tp,4754,4.2136,19,18401,18457,32.6095,15.0,4.8057,4.0,4.306,1.2898,1.0,0.6705,17.742,0.0,138.6763
kyleduo/SwitchButton,https://github.com/kyleduo/SwitchButton,4746,11.5428,0,12162,1543,57.1481,9.0,4.3704,2.0,6.0989,1.4074,1.0,0.6242,82.4815,0.0,409.0921
zq2599/blog_demos,https://github.com/zq2599/blog_demos,4760,8.961,0,248050,52989,28.2307,11.0,3.9877,3.0,4.2104,1.171,1.0,0.5423,14.6899,0.0,118.7817
zlt2000/microservices-platform,https://github.com/zlt2000/microservices-platform,4749,7.0527,30,300854,7665,21.8376,10.0,6.2764,5.0,5.6624,1.2393,1.0,0.5596,6.4359,0.0,31.2274
hongyangAndroid/baseAdapter,https://github.com/hongyangAndroid/baseAdapter,4732,10.6448,0,724,1563,31.26,12.0,4.88,3.0,4.8068,1.32,1.0,0.5455,18.28,0.0,76.576
saysky/ForestBlog,https://github.com/saysky/ForestBlog,4721,8.4627,0,52149,2437,28.3372,18.5,5.1047,3.0,5.2341,1.0698,1.0,0.2548,12.686,0.0,45.7753
stleary/JSON-java,https://github.com/stleary/JSON-java,4717,15.2608,25,3238,13048,125.4615,21.5,3.1442,1.0,5.4463,1.1923,1.0,0.5896,368.6538,1.0,1694.8973
google/cameraview,https://github.com/google/cameraview,4713,9.64,0,256,2983,41.4306,13.0,4.8333,3.0,5.2757,1.2639,1.0,0.5772,12.125,0.0,33.9284
cjlin1/libsvm,https://github.com/cjlin1/libsvm,4696,12.5394,0,9967,3152,92.7059,6.0,3.2647,1.5,3.9802,1.3529,1.0,0.8705,19.6176,0.0,98.5614
hansonwang99/Spring-Boot-In-Action,https://github.com/hansonwang99/Spring-Boot-In-Action,4695,7.1567,0,15827,2714,20.2537,8.5,3.8657,3.0,3.3386,1.1194,1.0,0.424,6.0075,0.0,15.5503
spring-attic/spring-security-oauth,https://github.com/spring-attic/spring-security-oauth,4700,14.6667,0,7273,34803,35.2614,14.0,6.001,4.0,6.3665,1.5714,1.0,1.4291,13.2817,0.0,72.8982
charles2gan/GDA-android-reversing-Tool,https://github.com/charles2gan/GDA-android-reversing-Tool,4691,8.3997,41,82291,567,35.4375,21.5,2.5625,2.5,1.4128,1.0,1.0,0.0,57.375,0.0,220.9227
pardom-zz/ActiveAndroid,https://github.com/pardom-zz/ActiveAndroid,4688,13.358,0,18083,3158,50.9355,22.0,3.9032,3.0,3.7361,1.9355,2.0,1.2684,22.0806,3.0,79.4589
bytedeco/javacpp,https://github.com/bytedeco/javacpp,4687,11.9288,14,11837,27090,126.0,43.0,5.9116,5.0,6.9655,2.0093,2.0,1.2389,151.1395,1.0,381.5665
jgilfelt/chuck,https://github.com/jgilfelt/chuck,4686,9.1253,5,1899,1698,40.4286,17.5,5.8333,4.0,6.4547,1.381,1.0,0.6529,55.7381,0.5,278.1765
Kodezi/Chronos,https://github.com/Kodezi/Chronos,5043,0.679,0,19840,78,15.6,11.0,3.2,2.0,1.6,1.0,1.0,0.0,0.4,0.0,0.4899
bepass-org/oblivion,https://github.com/bepass-org/oblivion,4682,2.1273,12,3308,2641,45.5345,14.5,5.6379,4.0,5.9847,1.4828,1.0,0.7008,11.6207,0.5,46.4137
Heeexy/SpringBoot-Shiro-Vue,https://github.com/Heeexy/SpringBoot-Shiro-Vue,4678,8.3532,0,423,633,23.4444,13.0,5.7778,6.0,4.81,1.4074,1.0,0.9529,9.4444,0.0,30.0559
karma9874/AndroRAT,https://github.com/karma9874/AndroRAT,4667,6.0096,0,40789,1793,32.6,11.0,2.8545,2.0,3.734,1.1636,1.0,0.3699,1.3818,0.0,4.9598
SPLWare/esProc,https://github.com/SPLWare/esProc,4692,4.3751,0,1189462,428514,161.1561,45.0,6.2516,5.0,7.2432,1.9887,2.0,1.3519,97.6367,1.0,879.435
981011512/--,https://github.com/981011512/--,4684,5.7659,0,17068,338075,66.6946,10.0,3.5281,2.0,7.1322,2.9108,2.0,52.9795,440.4263,0.0,5564.137
JZ-Darkal/AndroidHttpCapture,https://github.com/JZ-Darkal/AndroidHttpCapture,4650,9.4428,1,5850,15900,50.1577,19.0,4.5868,3.0,6.3382,1.4132,1.0,0.792,37.0032,0.0,258.8953
wdullaer/MaterialDateTimePicker,https://github.com/wdullaer/MaterialDateTimePicker,4642,11.2252,54,2001,7536,103.2329,31.0,6.589,5.0,7.3631,1.4658,1.0,0.6211,127.6301,1.0,458.5719
rememberber/WePush,https://github.com/rememberber/WePush,4640,8.7556,58,47382,22791,82.5761,37.0,5.8043,2.0,6.7059,1.5797,1.0,1.4661,25.1486,1.0,111.5012
CalebFenton/simplify,https://github.com/CalebFenton/simplify,4638,12.1889,9,103553,21150,68.0064,36.0,7.7299,7.0,6.4258,1.4019,1.0,0.8425,20.7428,0.0,75.8588
romandanylyk/PageIndicatorView,https://github.com/romandanylyk/PageIndicatorView,4633,9.5962,14,33988,3532,49.0556,26.5,5.5139,4.0,5.5151,1.5,1.0,0.7071,22.8056,1.0,160.8668
chewiebug/GCViewer,https://github.com/chewiebug/GCViewer,4634,14.423,5,6764,20453,70.2852,36.0,5.0756,4.0,4.6241,2.1649,1.0,2.3317,49.0447,1.0,236.299
discord-jda/JDA,https://github.com/discord-jda/JDA,4650,10.2861,123,39139,72787,50.6521,23.0,8.5637,6.0,12.2675,1.8191,1.0,1.1865,129.1218,3.0,1324.5215
zongzibinbin/MallChat,https://github.com/zongzibinbin/MallChat,4631,3.0281,0,2144,9260,20.8559,10.0,6.1126,5.0,6.2756,1.2027,1.0,0.4644,4.4392,0.0,14.9297
ant-media/Ant-Media-Server,https://github.com/ant-media/Ant-Media-Server,4653,9.0678,68,1204401,106409,89.3442,19.0,5.6322,2.0,9.2603,1.3241,1.0,0.7232,163.9647,1.0,2126.6748
yasserg/crawler4j,https://github.com/yasserg/crawler4j,4630,14.2313,3,1186,4736,57.0602,32.0,5.2771,4.0,5.6745,1.3133,1.0,0.5581,55.8916,1.0,329.0664
gabrielemariotti/cardslib,https://github.com/gabrielemariotti/cardslib,4632,12.5092,27,30628,32257,39.7744,13.0,5.5758,3.0,5.9037,1.8705,1.0,1.5239,18.6202,0.0,104.3181
linhaojun857/aurora,https://github.com/linhaojun857/aurora,4625,3.6003,0,5261,4956,16.5753,8.0,7.2609,5.0,6.621,1.1171,1.0,0.3607,7.2575,0.0,79.9561
Netflix/ribbon,https://github.com/Netflix/ribbon,4617,13.191,41,3504,21788,30.6873,10.0,4.2493,2.0,5.6991,1.262,1.0,0.6536,13.3775,0.0,99.8563
nICEnnnnnnnLee/BilibiliDown,https://github.com/nICEnnnnnnnLee/BilibiliDown,4605,7.1704,81,52852,19863,75.813,39.0,4.2099,2.0,4.2388,1.7214,1.0,1.3516,42.187,1.0,306.9453
apache/rocketmq-externals,https://github.com/apache/rocketmq-externals,4615,9.0322,0,36288,11795,42.8909,25.0,5.7491,4.0,5.8904,1.2509,1.0,0.5582,16.4509,0.0,88.1207
objectbox/objectbox-java,https://github.com/objectbox/objectbox-java,4599,9.1663,54,3621,24758,62.5202,17.5,4.9167,4.0,4.991,1.7652,1.0,1.8376,105.6162,0.0,491.5996
SplashCodes/JAViewer,https://github.com/SplashCodes/JAViewer,4591,9.8453,10,2335,6309,35.2458,15.0,5.7877,4.0,6.3342,1.5978,1.0,0.9125,11.648,0.0,73.5882
hussien89aa/AndroidTutorialForBeginners,https://github.com/hussien89aa/AndroidTutorialForBeginners,4585,9.4949,0,688,3957,30.6744,15.0,4.5116,4.0,4.6357,1.4961,1.0,0.7274,2.7442,0.0,6.8904
h2database/h2database,https://github.com/h2database/h2database,4619,10.9596,24,91790,231740,138.3522,51.0,5.7218,4.0,10.2001,1.9851,2.0,1.4996,176.9946,3.0,1600.7264
chentao0707/SimplifyReader,https://github.com/chentao0707/SimplifyReader,4559,10.6064,0,62804,34709,54.9193,13.0,4.125,2.0,6.2618,1.375,1.0,0.8625,60.2943,0.0,341.6442
puniverse/quasar,https://github.com/puniverse/quasar,4565,12.9966,18,80585,52770,39.1179,12.0,3.3291,2.0,5.0084,1.4952,1.0,1.1683,35.997,0.0,433.5199
javagrowing/JGrowing,https://github.com/javagrowing/JGrowing,4552,7.0773,0,2987,329,17.3158,11.0,1.5263,1.0,1.6341,1.0,1.0,0.0,1.9474,1.0,4.2855
tiann/epic,https://github.com/tiann/epic,4543,8.8433,5,558,5127,34.4094,12.0,3.2282,3.0,5.2701,1.6242,1.0,0.8231,30.396,1.0,219.1598
zhanghai/Douya,https://github.com/zhanghai/Douya,4558,10.1465,11,25350,44643,35.8867,15.0,5.4349,4.0,6.1042,1.5844,1.0,1.0089,28.3979,1.0,198.5191
danielzeller/Depth-LIB-Android-,https://github.com/danielzeller/Depth-LIB-Android-,4540,9.911,0,3656,3771,34.9167,6.0,3.787,2.0,4.5827,1.213,1.0,0.4314,13.3519,0.0,54.2624
square/sqlbrite,https://github.com/square/sqlbrite,4537,11.0965,9,754,3329,31.4057,9.0,4.6981,2.0,5.8506,1.3585,1.0,0.7671,4.3019,0.0,27.8094
ReChronoRain/HyperCeiler,https://github.com/ReChronoRain/HyperCeiler,4554,2.412,10,77369,59418,33.9144,10.0,3.8305,2.0,5.2318,1.4235,1.0,0.7094,14.8539,0.0,90.4002
jdamcd/android-crop,https://github.com/jdamcd/android-crop,4535,12.0356,6,2835,1676,54.0645,10.0,4.2903,1.0,5.4725,1.3871,1.0,0.6564,26.4839,0.0,79.1262
alibaba/dexposed,https://github.com/alibaba/dexposed,4518,10.7379,0,1875,2414,67.0556,19.0,2.9167,2.0,3.1918,1.6944,1.0,1.3296,82.8333,0.0,418.4781
phishman3579/java-algorithms-implementation,https://github.com/phishman3579/java-algorithms-implementation,4532,12.345,0,1487,31758,72.3417,31.0,3.5672,3.0,3.5549,1.5831,1.0,2.1708,7.0501,0.0,24.5803
go-lang-plugin-org/go-lang-idea-plugin,https://github.com/go-lang-plugin-org/go-lang-idea-plugin,4540,15.5729,21,34753,45363,40.0733,18.0,8.0115,6.0,8.6777,2.0636,2.0,1.3217,110.0292,3.0,2011.4471
IoT-Technology/IoT-Technical-Guide,https://github.com/IoT-Technology/IoT-Technical-Guide,4516,6.9815,0,1361,5235,17.8061,9.0,4.0612,3.0,4.2534,1.2483,1.0,0.491,3.1633,0.0,12.0436
201206030/novel-plus,https://github.com/201206030/novel-plus,4518,5.8973,36,46783,15048,37.62,24.0,6.405,3.0,7.3114,1.225,1.0,0.4737,47.4775,1.0,125.5112
castorflex/SmoothProgressBar,https://github.com/castorflex/SmoothProgressBar,4515,12.3231,9,15681,2208,46.0,12.5,4.8542,3.0,4.9497,1.2292,1.0,0.4672,26.3125,0.0,94.3409
Flipboard/bottomsheet,https://github.com/Flipboard/bottomsheet,4506,10.924,10,363,2578,37.9118,7.0,4.8971,3.0,5.864,1.3676,1.0,0.6621,27.6618,0.0,175.2131
jacoco/jacoco,https://github.com/jacoco/jacoco,4517,13.7112,50,12017,37397,38.8742,17.0,4.1372,3.0,4.3095,1.4366,1.0,0.6905,12.4168,0.0,79.2762
water8394/flink-recommandSystem-demo,https://github.com/water8394/flink-recommandSystem-demo,4473,6.8638,0,4692,1835,23.8312,16.0,3.7273,3.0,3.7543,1.0779,1.0,0.268,6.4026,1.0,15.519
JakeWharton/NineOldAndroids,https://github.com/JakeWharton/NineOldAndroids,4472,14.2971,0,1207,7585,54.9638,11.0,4.2899,2.0,4.3426,1.4348,1.0,0.7118,30.1449,0.0,107.6797
azkaban/azkaban,https://github.com/azkaban/azkaban,4515,13.4346,48,57554,93837,73.1387,35.0,6.3632,4.0,7.9302,1.3414,1.0,0.7729,35.8402,1.0,172.4508
HotBitmapGG/bilibili-android-client,https://github.com/HotBitmapGG/bilibili-android-client,4486,9.8152,1,113179,38892,69.5742,30.0,4.8837,3.0,6.2828,1.7818,1.0,1.0828,42.7907,3.0,172.9478
s4kibs4mi/java-developer-roadmap,https://github.com/s4kibs4mi/java-developer-roadmap,4454,6.924,0,9029,5,5.0,5.0,0.0,0.0,0.0,1.0,1.0,0.0,0.0,0.0,0.0
Meituan-Dianping/Robust,https://github.com/Meituan-Dianping/Robust,4468,9.0322,13,26253,2953,70.3095,34.0,3.5238,2.0,3.5806,1.2619,1.0,0.5372,17.3571,3.5,35.2216
flutter-webrtc/flutter-webrtc,https://github.com/flutter-webrtc/flutter-webrtc,4453,8.052,138,541182,8455,93.9444,16.5,6.6556,3.0,11.4941,1.2222,1.0,0.6795,40.0,0.0,232.8495
janishar/android-mvp-architecture,https://github.com/janishar/android-mvp-architecture,4432,9.1581,0,6144,4049,27.7329,12.0,5.8151,3.0,6.5082,1.3836,1.0,0.8046,14.1096,0.0,35.9
dreamhead/moco,https://github.com/dreamhead/moco,4432,13.4346,1,6148,17905,30.6592,15.0,5.3459,4.0,5.2264,1.5171,1.0,0.7936,34.5702,1.0,362.9824
square/android-times-square,https://github.com/square/android-times-square,4427,13.1472,0,1541,2286,48.6383,8.0,4.5532,4.0,5.5956,1.234,1.0,0.5912,25.8723,0.0,133.0699
apache/shiro,https://github.com/apache/shiro,4439,16.5722,17,32957,36885,35.8455,14.0,4.8766,3.0,5.0572,1.7376,1.0,1.5509,19.8435,1.0,80.6202
Snailclimb/guide-rpc-framework,https://github.com/Snailclimb/guide-rpc-framework,4396,5.8754,0,4408,2408,24.8247,11.0,4.6907,4.0,4.1303,1.2268,1.0,0.6502,1.2268,0.0,3.6198
ThirtyDegreesRay/OpenHub,https://github.com/ThirtyDegreesRay/OpenHub,4397,8.7064,31,10128,24549,37.4223,11.0,6.404,4.0,6.9416,1.561,1.0,1.0646,32.9284,1.0,129.9365
Tencent/GT,https://github.com/Tencent/GT,4415,10.1985,3,21307,55590,53.1453,18.0,3.6396,2.0,4.8522,1.2973,1.0,0.6504,13.7208,0.0,80.6803
robinhood/ticker,https://github.com/robinhood/ticker,4383,9.692,9,1681,1581,51.0,27.0,4.6129,4.0,4.6813,1.3226,1.0,0.6904,27.6129,0.0,108.3402
Freeyourgadget/Gadgetbridge,https://github.com/Freeyourgadget/Gadgetbridge,4487,11.217,0,60912,242946,55.2778,20.0,5.3327,3.0,8.5834,1.815,2.0,1.4276,38.6942,0.0,335.3508
Querz/mcaselector,https://github.com/Querz/mcaselector,4365,7.9233,75,24092,37334,68.5028,31.0,6.633,5.0,6.8486,2.5394,1.0,3.299,23.1064,1.0,172.7714
Ashok-Varma/BottomNavigation,https://github.com/Ashok-Varma/BottomNavigation,4358,10.0178,16,3928,2091,69.7,34.0,7.5333,5.5,7.6843,1.4333,1.0,0.7157,69.2667,4.5,159.4108
pytorch/serve,https://github.com/pytorch/serve,4360,6.4778,24,126138,18747,74.6892,35.0,5.7928,3.0,7.2467,1.4661,1.0,0.8981,63.9163,3.0,327.012
awangdev/leet-code,https://github.com/awangdev/leet-code,4358,10.9185,0,7524,2154,26.2683,18.0,1.9756,2.0,1.8477,1.0,1.0,0.0,1.0732,0.0,2.9208
eirslett/frontend-maven-plugin,https://github.com/eirslett/frontend-maven-plugin,4350,12.5695,0,2324,3712,37.4949,23.0,5.596,3.0,6.2149,1.7273,1.0,0.9409,7.0505,1.0,28.111
AsamK/signal-cli,https://github.com/AsamK/signal-cli,4343,10.8747,111,6794,29791,56.8531,18.0,6.5344,4.0,10.5301,1.542,1.0,2.0759,62.9714,1.0,460.4898
mywalkb/LSPosed_mod,https://github.com/mywalkb/LSPosed_mod,4341,3.9945,10,21897,23956,53.955,12.0,5.5023,3.0,7.1812,1.6126,1.0,1.2442,50.5405,0.0,328.5815
crate/crate,https://github.com/crate/crate,4375,12.9582,159,173364,441453,57.9639,26.0,7.4691,5.0,10.918,1.618,1.0,0.9193,50.4199,1.0,697.1746
BoCloud/folib,https://github.com/BoCloud/folib,4325,0.7118,1,188623,116758,44.26,16.0,6.8249,4.0,8.233,1.3404,1.0,0.7531,41.8177,1.0,488.4592
jeasonlzy/ImagePicker,https://github.com/jeasonlzy/ImagePicker,4311,10.1602,5,21059,3685,48.4868,13.0,5.8289,3.0,6.2289,1.4868,1.0,0.7694,23.0789,0.0,114.807
google/open-location-code,https://github.com/google/open-location-code,4309,11.4853,5,4785,2295,34.2537,16.0,4.9552,3.0,6.2472,1.1791,1.0,0.4547,4.5522,0.0,11.2758
iterate-ch/cyberduck,https://github.com/iterate-ch/cyberduck,4339,9.1773,0,649850,302657,39.8758,17.0,6.1895,3.0,8.6463,1.3372,1.0,0.7294,65.5622,0.0,1010.5759
failsafe-lib/failsafe,https://github.com/failsafe-lib/failsafe,4307,10.7379,0,1635,10026,42.1261,22.5,6.3319,6.0,5.2183,2.0126,1.0,1.6815,19.1765,1.0,56.2601
torakiki/pdfsam,https://github.com/torakiki/pdfsam,4307,12.501,71,26556,19944,30.9209,21.0,6.8341,5.0,6.3472,1.4016,1.0,0.9891,4.9643,0.0,22.8111
bingoogolapple/BGARefreshLayout-Android,https://github.com/bingoogolapple/BGARefreshLayout-Android,4304,10.8282,4,7569,5450,33.642,10.0,5.1481,3.0,5.5536,1.4074,1.0,0.7499,9.7963,1.0,42.4049
jitsi/jitsi,https://github.com/jitsi/jitsi,4320,12.9199,7,579418,196393,61.0485,20.0,5.2891,3.0,8.111,1.838,1.0,2.4173,39.3827,0.0,211.2938
brianway/java-learning,https://github.com/brianway/java-learning,4290,10.1246,0,800,10984,14.587,12.0,1.085,1.0,1.1235,1.2869,1.0,0.5128,0.5963,0.0,2.9207
apache/fory,https://github.com/apache/fory,4287,2.9103,65,29714,104356,54.4656,14.0,5.0193,3.0,8.0427,2.1294,1.0,4.157,46.9071,0.0,335.0456
alibaba/fastjson2,https://github.com/alibaba/fastjson2,4284,3.9398,61,134587,424617,43.1916,10.0,2.7782,2.0,4.6098,1.1934,1.0,1.5496,276.1772,0.0,20256.7636
mcxiaoke/android-volley,https://github.com/mcxiaoke/android-volley,4272,12.846,0,952,4965,37.6136,20.0,5.0909,3.0,5.3703,1.8939,1.0,2.7476,15.8182,0.0,93.8123
bjmashibing/InternetArchitect,https://github.com/bjmashibing/InternetArchitect,4281,6.4339,0,298764,44505,65.4485,14.0,4.7897,3.0,4.6727,1.1588,1.0,0.6848,64.7956,0.0,305.3353
ongakuer/CircleIndicator,https://github.com/ongakuer/CircleIndicator,4266,11.655,7,4407,1712,38.0444,24.0,6.5111,5.0,5.0843,1.6222,2.0,0.6762,8.5111,1.0,22.5572
grantland/android-autofittextview,https://github.com/grantland/android-autofittextview,4263,15.1102,1,1190,470,58.75,15.0,5.375,4.0,4.8202,1.375,1.0,0.4841,40.75,1.5,100.7171
aporter/coursera-android,https://github.com/aporter/coursera-android,4256,12.219,0,22558,15236,30.8421,13.0,4.1296,3.0,3.7825,1.587,2.0,0.6263,3.9109,0.0,39.1335
geoserver/geoserver,https://github.com/geoserver/geoserver,4303,14.3737,69,437248,704345,60.5107,25.0,7.4668,5.0,8.7622,1.7982,1.0,1.4635,42.6718,1.0,387.251
microsoft/malmo,https://github.com/microsoft/malmo,4253,9.8563,21,28834,19130,68.8129,32.5,7.0504,5.0,7.3414,2.1439,2.0,2.7117,12.8489,1.0,30.3487
mybatis/spring-boot-starter,https://github.com/mybatis/spring-boot-starter,4249,10.4997,34,16511,4434,25.3371,8.0,4.5371,4.0,6.3891,1.2229,1.0,0.5144,16.1771,0.0,152.6159
nining377/dolby_beta,https://github.com/nining377/dolby_beta,4247,5.8508,37,101223,7302,39.4703,23.0,4.1351,4.0,5.482,1.4541,1.0,0.8182,7.9514,1.0,49.7832
dromara/hmily,https://github.com/dromara/hmily,4248,8.4901,0,3787,27495,31.387,12.0,5.3493,4.0,4.8017,1.2203,1.0,0.5719,10.6336,0.0,56.2264
zendesk/maxwell,https://github.com/zendesk/maxwell,4240,11.1211,214,29485,17755,56.9071,27.0,6.0096,4.0,7.0663,1.6154,1.0,0.8003,32.1378,0.0,157.4347
jboss-javassist/javassist,https://github.com/jboss-javassist/javassist,4230,12.8378,24,30583,83226,74.9784,12.0,3.2505,1.0,5.5483,1.5505,1.0,1.3512,43.9081,0.0,313.7106
M66B/FairEmail,https://github.com/M66B/FairEmail,4255,7.6468,2232,1113569,244229,57.3712,10.0,4.7007,2.0,7.9703,1.2683,1.0,0.791,33.4069,0.0,505.7128
JetBrains/fernflower,https://github.com/JetBrains/fernflower,4214,11.4771,0,7756,55524,77.4393,14.0,4.371,1.0,7.7457,1.2399,1.0,0.6346,33.4045,0.0,404.5495
ChadCSong/ShineButton,https://github.com/ChadCSong/ShineButton,4202,9.7221,2,2526,988,41.1667,13.5,4.8333,2.0,5.5802,1.625,1.0,0.8069,23.625,0.0,92.199
yhaolpz/FloatWindow,https://github.com/yhaolpz/FloatWindow,4198,8.3614,9,1002,1473,33.4773,13.0,3.7727,2.0,4.0891,1.2727,1.0,0.5378,9.7273,1.0,27.0692
Jacksgong/JKeyboardPanelSwitch,https://github.com/Jacksgong/JKeyboardPanelSwitch,4184,10.7351,14,24090,1736,34.72,10.0,5.2,3.0,5.016,1.3,1.0,0.4583,7.38,0.0,13.5674
LibrePDF/OpenPDF,https://github.com/LibrePDF/OpenPDF,4218,9.7057,87,43766,156521,88.53,32.0,5.7319,4.0,7.3867,1.8264,1.0,5.7361,91.4304,1.0,595.8115
powermock/powermock,https://github.com/powermock/powermock,4187,11.8275,16,5949,32927,25.9882,11.0,3.3631,2.0,3.9346,1.2431,1.0,0.645,22.7443,0.0,281.4476
hugeterry/CoordinatorTabLayout,https://github.com/hugeterry/CoordinatorTabLayout,4183,9.1581,0,11528,473,27.8235,11.0,5.2941,3.0,5.399,1.4118,1.0,0.4922,9.4118,0.0,31.7769
syncthing/syncthing-android,https://github.com/syncthing/syncthing-android,4183,12.0876,332,23375,8424,59.3239,13.5,6.5141,2.5,9.1118,1.6901,1.0,1.1208,9.0493,0.0,24.8021
codingapi/tx-lcn,https://github.com/codingapi/tx-lcn,4182,8.3696,14,14551,7772,35.009,12.0,4.9414,4.0,4.0204,1.2117,1.0,0.6262,6.3378,0.0,43.3398
oddfar/campus-imaotai,https://github.com/oddfar/campus-imaotai,4183,2.7187,11,3073,7728,35.4495,18.0,6.2982,5.0,5.6939,1.4128,1.0,1.1669,20.3761,1.0,78.2502
bingoogolapple/BGABanner-Android,https://github.com/bingoogolapple/BGABanner-Android,4167,11.4168,0,40655,2123,40.0566,12.0,5.0,3.0,5.959,1.5849,2.0,0.5967,26.283,1.0,154.2192
jishenghua/jshERP,https://github.com/jishenghua/jshERP,4172,9.5113,6,64562,72270,194.7978,66.0,5.628,3.0,9.1308,1.3288,1.0,0.5392,1642.2237,13.0,8163.1708
googlesamples/mlkit,https://github.com/googlesamples/mlkit,4164,5.8234,1,47757,10638,54.0,25.0,7.731,5.0,8.4651,1.5279,1.0,0.6725,9.5279,0.0,36.8754
pedrovgs/AndroidWiFiADB,https://github.com/pedrovgs/AndroidWiFiADB,4158,10.4339,8,3109,1096,36.5333,15.5,2.8667,2.0,3.0955,1.5,1.0,1.0567,12.1333,0.0,23.322
JFormDesigner/FlatLaf,https://github.com/JFormDesigner/FlatLaf,4131,6.601,90,20898,77047,86.8625,21.0,3.6088,2.0,5.3862,3.3484,2.0,3.9449,61.2807,3.0,338.1089
lilishop/lilishop,https://github.com/lilishop/lilishop,4138,4.8652,3,49462,43407,27.7894,10.0,7.5781,5.0,8.1694,1.3143,1.0,0.5729,13.6517,0.0,93.917
jMonkeyEngine/jmonkeyengine,https://github.com/jMonkeyEngine/jmonkeyengine,4175,12.0137,82,995370,195629,78.0642,33.0,6.5255,4.0,7.1727,1.4445,1.0,0.7265,68.6588,1.0,450.913
gh0stkey/HaE,https://github.com/gh0stkey/HaE,4118,6.0041,88,12585,5879,62.5426,24.0,4.4362,2.0,4.9305,1.7021,1.0,1.5834,12.9043,0.0,36.482
lukas-krecan/ShedLock,https://github.com/lukas-krecan/ShedLock,4121,9.2868,0,10544,12935,30.1515,19.0,5.8741,5.0,4.4374,1.9254,2.0,1.7094,7.697,0.0,26.5598
dinuscxj/LoadingDrawable,https://github.com/dinuscxj/LoadingDrawable,4106,9.9411,0,13846,4428,68.1231,13.0,6.5077,4.0,6.5047,1.4462,1.0,0.5271,15.8308,1.0,27.7758
bitcoin-wallet/bitcoin-wallet,https://github.com/bitcoin-wallet/bitcoin-wallet,4113,13.9849,0,42022,18379,47.491,19.0,7.5323,4.0,9.765,1.7132,1.0,1.1197,5.4134,0.0,21.7231
pqpo/SmartCropper,https://github.com/pqpo/SmartCropper,4126,8.6434,13,248522,1021,85.0833,13.0,6.25,3.0,7.0725,1.3333,1.0,0.4714,122.5,0.0,390.746
code4craft/tiny-spring,https://github.com/code4craft/tiny-spring,4089,12.2053,0,638,1543,14.5566,11.0,3.0849,2.0,3.21,1.1509,1.0,0.4073,2.3679,0.0,6.2846
alibaba/Tangram-Android,https://github.com/alibaba/Tangram-Android,4103,8.9911,38,1604,24338,42.4007,10.0,5.1899,3.0,7.0197,1.6655,1.0,1.1306,23.2108,0.0,121.0528
Manabu-GT/ExpandableTextView,https://github.com/Manabu-GT/ExpandableTextView,4077,11.8576,4,4291,552,36.8,15.0,5.1333,4.0,5.8294,1.7333,1.0,1.0625,11.8,0.0,38.0617
qunarcorp/bistoury,https://github.com/qunarcorp/bistoury,4087,6.6502,8,32465,73638,54.1058,23.0,4.7186,3.0,5.7498,1.2638,1.0,0.6641,21.4159,1.0,119.1456
oblac/jodd,https://github.com/oblac/jodd,4075,13.5441,37,42823,26882,36.9258,19.5,3.978,3.0,4.4616,1.4409,1.0,1.3319,12.9492,0.0,59.188
DTStack/chunjun,https://github.com/DTStack/chunjun,4105,7.9781,31,132849,105622,54.5005,29.0,7.1321,4.0,7.4867,1.5464,1.0,0.7909,20.7049,1.0,119.3048
orhanobut/hawk,https://github.com/orhanobut/hawk,4072,11.0938,22,967,834,32.0769,16.5,3.6154,2.0,4.161,1.0385,1.0,0.1923,12.9615,1.0,25.0284
rubensousa/ViewPagerCards,https://github.com/rubensousa/ViewPagerCards,4069,9.5962,0,107,240,26.6667,14.0,5.3333,6.0,4.5704,1.5556,2.0,0.4969,2.2222,0.0,3.489
RipMeApp/ripme,https://github.com/RipMeApp/ripme,4062,9.2156,145,5169,19912,62.225,30.0,4.975,4.0,3.4541,2.5406,2.0,1.2839,28.2719,4.0,94.2679
knowm/XChange,https://github.com/knowm/XChange,4050,14.1437,0,53463,150057,29.9934,17.0,5.9412,4.0,6.418,1.4805,1.0,0.8787,24.977,0.0,724.2188
luckybilly/CC,https://github.com/luckybilly/CC,4046,8.3368,0,32435,4599,38.325,15.0,4.9667,4.0,4.7186,1.2583,1.0,0.5552,16.3167,0.0,129.2175
tronprotocol/java-tron,https://github.com/tronprotocol/java-tron,4047,8.2464,82,213369,152411,90.9374,31.0,8.5477,7.0,10.961,1.7715,1.0,2.0094,83.1229,1.0,1271.218
uber/NullAway,https://github.com/uber/NullAway,4025,8.564,38,8333,25512,43.6103,11.0,4.7145,2.0,9.1131,1.2017,1.0,0.4825,58.3829,0.0,361.8175
Creators-of-Create/Create,https://github.com/Creators-of-Create/Create,4036,6.6886,5,95739,148658,60.0881,30.0,11.0255,9.0,10.4113,1.7361,2.0,1.1353,29.4717,3.0,118.3873
freeplane/freeplane,https://github.com/freeplane/freeplane,4021,13.5305,58,231906,195438,47.5634,18.0,4.4303,3.0,6.1617,1.4926,1.0,1.2071,45.9058,1.0,506.9731
xcltapestry/XCL-Charts,https://github.com/xcltapestry/XCL-Charts,4021,11.7947,0,127035,23397,71.5505,38.0,7.6024,3.0,9.5786,1.8165,1.0,1.0651,49.0428,4.0,157.5567
BoltsFramework/Bolts-Android,https://github.com/BoltsFramework/Bolts-Android,4019,12.1506,11,476,5144,32.557,9.0,3.0,2.0,3.5113,1.0886,1.0,0.4115,19.0127,0.0,149.8707
oldmanpushcart/greys-anatomy,https://github.com/oldmanpushcart/greys-anatomy,4019,13.3415,0,1769,10774,44.8917,19.5,4.0667,3.0,4.3103,1.1542,1.0,0.545,6.7708,0.0,21.8409
jbloch/effective-java-3e-source-code,https://github.com/jbloch/effective-java-3e-source-code,4015,7.6413,0,89,3018,14.9406,12.5,1.1287,1.0,1.0778,1.1881,1.0,0.6557,1.3267,0.0,3.4701
awaitility/awaitility,https://github.com/awaitility/awaitility,4002,16.1725,0,1377,5473,32.1941,13.0,3.1765,1.0,4.5457,1.1941,1.0,0.5871,18.5824,0.0,123.3655
makovkastar/FloatingActionButton,https://github.com/makovkastar/FloatingActionButton,3998,11.6769,0,11228,1014,37.5556,19.0,5.6667,3.0,7.4784,1.8148,2.0,1.1875,37.5926,1.0,179.1867
Yalantis/Phoenix,https://github.com/Yalantis/Phoenix,3991,11.2005,1,663,976,40.6667,12.0,4.3333,2.5,4.7229,1.6667,1.0,0.9428,7.5417,0.0,18.7638
lcodecorex/TwinklingRefreshLayout,https://github.com/lcodecorex/TwinklingRefreshLayout,3990,10.0643,0,82617,6273,41.543,12.0,4.2848,2.0,4.7624,1.3709,1.0,0.6573,36.2715,0.0,213.9729
camunda/camunda,https://github.com/camunda/camunda,4056,10.0151,575,908419,747597,42.9925,21.0,7.0769,5.0,9.3209,1.3486,1.0,0.9485,30.5774,1.0,242.52
JeremyLiao/LiveEventBus,https://github.com/JeremyLiao/LiveEventBus,3987,7.707,0,2678,7782,25.2662,6.0,3.2273,2.0,3.5411,1.1104,1.0,0.3704,4.0357,0.0,16.8974
Piasy/BigImageViewer,https://github.com/Piasy/BigImageViewer,3987,9.3826,0,55900,2513,29.9167,11.0,4.6071,3.0,4.7884,1.2857,1.0,0.5249,12.8095,1.0,60.9224
qstumn/BadgeView,https://github.com/qstumn/BadgeView,3972,9.1253,5,9326,1759,50.2571,21.0,4.3429,2.0,5.275,1.3143,1.0,0.5743,49.8857,0.0,217.7595
pingfangushi/screw,https://github.com/pingfangushi/screw,3976,5.7604,0,2092,3941,28.9779,19.0,4.9853,3.0,4.449,1.3529,1.0,0.7908,5.2426,0.0,9.6433
mouredev/hello-java,https://github.com/mouredev/hello-java,3972,1.0021,0,808,823,14.9636,6.0,0.6364,0.0,0.9975,1.3273,1.0,0.7641,0.4727,0.0,2.0437
zzhoujay/RichText,https://github.com/zzhoujay/RichText,3963,10.6804,0,2485,5185,39.2803,11.5,4.2727,2.0,5.8194,1.447,1.0,0.8467,10.5455,0.0,45.7673
rovo89/XposedInstaller,https://github.com/rovo89/XposedInstaller,3971,13.9767,0,18977,8980,44.2365,10.0,4.8867,2.0,6.7497,1.4187,1.0,0.8521,8.5172,0.0,29.7214
Dimezis/BlurView,https://github.com/Dimezis/BlurView,3963,9.9274,32,13485,939,31.3,11.0,5.9,3.5,5.5878,1.5,1.0,0.7188,7.0,1.0,13.9642
fishercoder1534/Leetcode,https://github.com/fishercoder1534/Leetcode,3980,9.6509,0,11968,140407,27.2847,23.0,1.5521,1.0,1.9555,1.0004,1.0,0.0197,0.2876,0.0,7.3897
binIoter/GuideView,https://github.com/binIoter/GuideView,3954,9.7659,0,7068,1246,35.6,13.0,3.7429,2.0,4.4358,1.3714,1.0,0.7205,8.2286,1.0,34.7679
shuzijun/leetcode-editor,https://github.com/shuzijun/leetcode-editor,3960,7.0198,59,30759,13448,44.6777,22.0,6.3223,4.0,6.0226,1.7375,1.0,1.1732,20.1528,0.0,113.3622
linyiqun/DataMiningAlgorithm,https://github.com/linyiqun/DataMiningAlgorithm,3951,11.2033,0,535,11663,92.5635,35.5,2.2937,2.0,2.254,1.0873,1.0,0.3568,9.9603,0.0,36.1207
google/bundletool,https://github.com/google/bundletool,3961,7.8932,65,11028,54884,62.2268,30.0,8.9116,7.0,8.1613,1.2653,1.0,1.1904,83.322,6.0,532.5463
promeG/TinyPinyin,https://github.com/promeG/TinyPinyin,3938,10.486,2,619,1401,21.5538,7.0,2.0308,1.0,2.8661,1.0923,1.0,0.3385,8.7538,0.0,57.3524
JoanZapata/android-iconify,https://github.com/JoanZapata/android-iconify,3932,12.7858,0,3689,909,21.1395,11.0,3.5116,3.0,3.6813,1.2326,1.0,0.4225,5.186,1.0,15.1293
rengwuxian/RxJavaSamples,https://github.com/rengwuxian/RxJavaSamples,3924,10.0041,3,4613,1001,18.8868,8.0,4.5472,3.0,5.322,1.3962,1.0,0.7356,1.6038,0.0,3.7635
VaughnVernon/IDDD_Samples,https://github.com/VaughnVernon/IDDD_Samples,3921,12.961,0,546,28475,43.7404,30.0,4.4455,3.0,5.1689,1.6313,1.0,1.0111,27.3272,5.0,93.3196
databricks/learning-spark,https://github.com/databricks/learning-spark,3900,11.7755,0,372,2295,17.2556,7.0,2.8271,2.0,3.4413,1.015,1.0,0.1217,1.797,0.0,12.0461
sofastack/sofa-rpc,https://github.com/sofastack/sofa-rpc,3923,7.9617,66,4222,72870,47.4105,19.0,5.0755,3.0,5.4053,1.3253,1.0,0.6286,24.4528,0.0,128.2377
bluelinelabs/Conductor,https://github.com/bluelinelabs/Conductor,3900,10.026,36,3766,5385,62.6163,20.0,5.4767,3.0,6.1658,1.3488,1.0,0.6606,71.3372,0.0,403.9693
amirzaidi/Launcher3,https://github.com/amirzaidi/Launcher3,3907,8.8214,22,129066,60122,60.7907,15.0,6.7917,3.0,10.0645,1.4439,1.0,0.817,63.7452,0.0,728.6904
JavaNoober/BackgroundLibrary,https://github.com/JavaNoober/BackgroundLibrary,3895,7.5428,13,14430,8029,67.4706,16.0,4.7899,4.0,4.8105,1.2101,1.0,0.4074,34.1765,0.0,221.1516
Exrick/xboot,https://github.com/Exrick/xboot,3892,7.9233,6,5309,9814,28.4464,11.0,7.2783,6.0,6.6121,1.2145,1.0,0.5333,2.6116,0.0,9.3303
vipulasri/Timeline-View,https://github.com/vipulasri/Timeline-View,3882,10.2779,15,23276,418,209.0,209.0,9.0,9.0,6.0,1.5,1.5,0.5,453.5,453.5,452.5
shopizer-ecommerce/shopizer,https://github.com/shopizer-ecommerce/shopizer,3900,13.3415,18,566507,53489,43.3812,20.0,7.7843,4.0,9.503,1.6513,1.0,0.9324,34.1452,2.0,130.8861
wendux/DSBridge-Android,https://github.com/wendux/DSBridge-Android,3880,9.2266,2,902,1841,39.1702,6.0,2.9787,2.0,3.8564,1.1064,1.0,0.3083,15.9787,0.0,71.4183
react-native-share/react-native-share,https://github.com/react-native-share/react-native-share,3877,10.486,145,15014,1792,43.7073,21.0,5.5854,3.0,4.8589,2.0732,2.0,0.8942,8.6098,8.0,11.2312
ZHENFENG13/My-Blog,https://github.com/ZHENFENG13/My-Blog,3877,7.0609,0,30373,2411,41.569,30.0,4.7586,3.0,5.7485,1.0517,1.0,0.3905,29.5517,5.0,61.9444
RikkaApps/Sui,https://github.com/RikkaApps/Sui,3870,5.2238,21,779,4514,50.7191,26.0,4.9326,3.0,5.6921,1.1798,1.0,0.4122,14.5506,1.0,65.8463
timehop/sticky-headers-recyclerview,https://github.com/timehop/sticky-headers-recyclerview,3856,11.4771,0,337,808,27.8621,8.0,4.6207,2.0,4.8595,1.2759,1.0,0.5184,3.2414,0.0,6.5635
yanzhenjie/AndServer,https://github.com/yanzhenjie/AndServer,3855,9.7796,1,6648,12029,56.2103,23.5,5.0234,3.0,6.2834,1.5421,1.0,1.1901,48.0514,1.0,244.249
watabou/pixel-dungeon,https://github.com/watabou/pixel-dungeon,3861,11.666,0,8161,38623,46.0346,25.0,5.0203,3.0,6.6241,2.4398,2.0,1.486,12.4231,1.0,61.6512
emanuele-f/PCAPdroid,https://github.com/emanuele-f/PCAPdroid,3855,6.2177,68,16830,24126,95.3597,31.0,9.3597,6.0,11.9419,1.5613,1.0,0.8853,88.3913,0.0,672.526
alibaba/jstorm,https://github.com/alibaba/jstorm,3885,12.5585,22,108125,296316,74.9029,25.0,4.9876,4.0,5.9878,1.4548,1.0,1.2917,42.3741,1.0,525.946
uncle-novel/uncle-novel,https://github.com/uncle-novel/uncle-novel,3846,7.2882,1,90990,16991,63.1636,26.0,7.2045,5.0,8.7458,1.658,1.0,0.846,10.4164,0.0,35.6491
RoaringBitmap/RoaringBitmap,https://github.com/RoaringBitmap/RoaringBitmap,3845,12.7693,47,90931,79586,123.0077,26.0,5.4096,4.0,4.7393,1.1376,1.0,0.4631,257.9675,0.0,1861.0029
yacy/yacy_search_server,https://github.com/yacy/yacy_search_server,3854,11.0116,0,823244,167118,108.4478,42.0,5.061,3.0,6.1574,1.364,1.0,0.7491,46.8274,0.0,301.242
MiguelCatalan/MaterialSearchView,https://github.com/MiguelCatalan/MaterialSearchView,3828,10.5298,6,4665,1361,33.1951,10.0,4.0488,2.0,6.2037,1.3171,1.0,0.5151,22.6585,1.0,130.8963
aurelhubert/ahbottomnavigation,https://github.com/aurelhubert/ahbottomnavigation,3825,10.0233,14,5644,2339,50.8478,10.0,5.1087,2.0,7.4578,1.1739,1.0,0.379,57.4783,0.0,309.8862
happydog-intj/CircleProgress,https://github.com/happydog-intj/CircleProgress,3816,11.4031,0,2538,1451,58.04,24.0,5.76,6.0,4.1307,1.68,2.0,0.6765,85.76,1.0,239.4041
MovingBlocks/Terasology,https://github.com/MovingBlocks/Terasology,3845,15.0609,70,305803,112438,39.7729,17.0,6.1121,4.0,7.7634,1.4411,1.0,0.8497,25.2466,0.0,171.4775
JCTools/JCTools,https://github.com/JCTools/JCTools,3810,12.3723,19,7986,45934,46.398,18.0,4.4303,3.0,5.1332,4.2566,3.0,3.3876,22.4818,0.0,87.5157
spotbugs/spotbugs,https://github.com/spotbugs/spotbugs,3843,9.3854,73,147676,220429,41.2634,14.0,3.2201,1.0,6.6429,1.3841,1.0,0.8919,25.6831,0.0,365.9753
sofastack/sofa-jraft,https://github.com/sofastack/sofa-jraft,3800,7.0609,32,3299,138165,95.2862,18.0,5.8048,3.0,7.8762,1.4538,1.0,1.0678,75.871,1.0,317.6263
blossom-editor/blossom,https://github.com/blossom-editor/blossom,3796,2.6338,19,63301,13365,30.7241,13.0,5.5241,3.0,6.0804,1.3241,1.0,0.6238,6.977,0.0,26.7894
sunfusheng/MarqueeView,https://github.com/sunfusheng/MarqueeView,3790,9.8152,0,12351,804,36.5455,17.0,5.4091,4.0,4.7736,1.3636,1.0,0.481,5.4545,0.0,11.808
mcxtzhang/SwipeDelMenuLayout,https://github.com/mcxtzhang/SwipeDelMenuLayout,3788,9.5825,2,5660,1085,27.125,7.0,3.1,2.0,3.3,1.25,1.0,0.433,5.2,0.0,28.2393
yanzhenjie/NoHttp,https://github.com/yanzhenjie/NoHttp,3786,10.6585,0,54486,8428,36.9649,14.0,4.4561,3.0,4.7307,1.5,1.0,0.803,45.6491,1.0,301.4795
tchiotludo/akhq,https://github.com/tchiotludo/akhq,3783,7.5428,43,43531,17177,57.0664,14.0,8.1462,6.0,7.8904,1.2957,1.0,0.5304,29.4252,0.0,148.5194
rbmonster/learning-note,https://github.com/rbmonster/learning-note,3783,5.7769,0,67628,13368,20.3161,13.0,2.1945,2.0,2.4098,1.1733,1.0,0.5461,2.8936,0.0,21.7331
zhpanvip/BannerViewPager,https://github.com/zhpanvip/BannerViewPager,3778,8.9938,59,134133,3154,43.2055,18.0,5.411,3.0,7.1497,1.411,1.0,0.7184,47.8219,0.0,226.0269
mpusher/mpush,https://github.com/mpusher/mpush,3774,9.9083,9,2595,15032,37.7688,16.5,4.4724,3.0,4.9315,1.3367,1.0,0.6816,24.5653,1.0,171.3986
NotHarshhaa/DevOps-Projects,https://github.com/NotHarshhaa/DevOps-Projects,3774,2.6283,0,26710,4452,31.3521,19.0,5.7746,5.0,4.3805,1.1901,1.0,0.5164,22.7535,0.0,132.0111
CameraKit/blurkit-android,https://github.com/CameraKit/blurkit-android,3763,9.3826,3,6270,497,49.7,23.5,6.1,5.0,5.3563,1.5,1.0,0.6708,30.3,0.0,85.3839
lygttpod/SuperTextView,https://github.com/lygttpod/SuperTextView,3765,9.4319,39,25933,4002,46.5349,5.0,3.0465,2.0,5.8128,1.1628,1.0,0.3994,141.6744,0.0,1027.9648
Ereza/CustomActivityOnCrash,https://github.com/Ereza/CustomActivityOnCrash,3762,11.7262,12,622,893,59.5333,21.0,5.4,4.0,4.6014,1.3333,1.0,0.4714,32.3333,0.0,77.344
undertow-io/undertow,https://github.com/undertow-io/undertow,3746,13.6838,18,29096,168171,52.7678,19.0,5.0775,3.0,6.1502,1.2378,1.0,0.7103,37.1685,0.0,515.4126
Atmosphere/atmosphere,https://github.com/Atmosphere/atmosphere,3745,15.7372,29,176145,90835,50.352,20.0,5.4573,4.0,5.7255,1.1918,1.0,0.5945,29.6269,1.0,346.8938
helidon-io/helidon,https://github.com/helidon-io/helidon,3760,7.5784,139,132120,317569,44.8861,19.0,5.3662,4.0,5.2631,1.375,1.0,1.0734,34.0861,1.0,359.88
jtablesaw/tablesaw,https://github.com/jtablesaw/tablesaw,3745,10.2313,84,66317,48467,63.3556,23.0,5.3987,4.0,5.8767,1.285,1.0,0.6005,108.5294,1.0,478.5409
roboguice/roboguice,https://github.com/roboguice/roboguice,3744,13.6153,0,70278,74026,22.1967,6.0,3.4072,2.0,5.1017,1.2903,1.0,1.1202,7.1277,0.0,70.3875
Netflix/maestro,https://github.com/Netflix/maestro,3742,1.9384,0,2745,58189,51.7696,18.0,8.3167,6.0,7.9926,1.5792,1.0,0.851,27.3532,0.0,367.1055
lihangleo2/ShadowLayout,https://github.com/lihangleo2/ShadowLayout,3731,6.7132,32,4202,4447,59.2933,12.0,4.2133,2.0,5.8544,1.16,1.0,0.3666,29.7733,0.0,125.6962
andOTP/andOTP,https://github.com/andOTP/andOTP,3730,8.7228,38,13870,8443,50.8614,13.0,6.1084,3.0,8.4283,1.5,1.0,0.9802,41.4157,0.0,338.3062
coderbruis/JavaSourceCodeLearning,https://github.com/coderbruis/JavaSourceCodeLearning,3730,5.8125,0,8297,6037,19.1044,13.0,2.8639,2.0,2.9581,1.2595,1.0,0.4731,3.1487,0.0,9.4808
ethanhua/Skeleton,https://github.com/ethanhua/Skeleton,3724,8.6543,0,17001,752,22.7879,8.0,3.7273,3.0,3.3509,1.2424,1.0,0.4942,4.6061,0.0,14.2848
FCL-Team/FoldCraftLauncher,https://github.com/FCL-Team/FoldCraftLauncher,3742,3.4333,150,1267952,116299,57.9467,21.0,5.2815,3.0,6.7797,1.6627,1.0,1.444,50.2431,1.0,868.5432
stfalcon-studio/ChatKit,https://github.com/stfalcon-studio/ChatKit,3722,9.1417,1,6136,4680,43.3333,14.0,5.7685,3.0,6.5158,2.8981,2.0,4.8092,35.4815,0.0,134.9139
HelloWorld521/Java,https://github.com/HelloWorld521/Java,3715,9.295,0,28772,2697,21.75,13.0,4.1694,2.0,3.9446,1.3306,1.0,0.7153,5.0968,1.0,13.7931
willowtreeapps/spruce-android,https://github.com/willowtreeapps/spruce-android,3712,9.0815,3,8169,4269,34.9918,15.0,4.8607,3.0,6.0697,1.3689,1.0,0.7488,5.3525,0.0,30.8648
liuyubobobo/Play-with-Algorithms,https://github.com/liuyubobobo/Play-with-Algorithms,3710,9.7221,0,112003,5282,39.7143,37.0,2.8271,2.0,2.4109,1.0075,1.0,0.0864,5.203,0.0,20.5623
portfolio-performance/portfolio,https://github.com/portfolio-performance/portfolio,3733,14.0041,265,65371,300585,110.3874,26.0,7.0823,4.0,8.2477,1.3963,1.0,0.8356,86.614,1.0,773.6232
DataLinkDC/dinky,https://github.com/DataLinkDC/dinky,3713,4.794,32,39754,61004,44.6916,20.0,6.904,4.0,7.8104,1.3487,1.0,0.6826,25.1451,0.0,108.5505
grpc-ecosystem/grpc-spring,https://github.com/grpc-ecosystem/grpc-spring,3706,9.2348,34,3937,10752,25.7225,13.0,6.5718,6.0,5.2041,1.4785,1.0,1.1453,5.3684,0.0,24.0202
OpenHFT/Chronicle-Queue,https://github.com/OpenHFT/Chronicle-Queue,3706,12.8131,540,33063,29075,55.0663,21.0,5.0246,3.0,5.9187,1.589,1.0,0.8209,169.3447,0.0,2153.0408
ryanhoo/StylishMusicPlayer,https://github.com/ryanhoo/StylishMusicPlayer,3700,9.5305,0,2929,5777,29.7784,12.5,5.0258,3.0,5.7772,1.3093,1.0,0.6479,13.2165,0.0,40.3027
dingjikerbo/Android-BluetoothKit,https://github.com/dingjikerbo/Android-BluetoothKit,3695,10.4641,0,3989,8347,34.6349,12.0,4.0747,2.0,5.4295,1.249,1.0,0.5115,18.7012,0.0,74.9106
ByteLegend/ByteLegend,https://github.com/ByteLegend/ByteLegend,3705,5.1444,0,71743,104032,352.6508,140.0,6.9797,7.0,2.8115,1.0034,1.0,0.0581,727.8441,20.0,2313.2526
IrisShaders/Iris,https://github.com/IrisShaders/Iris,3692,5.4209,140,58915,38181,41.2322,17.0,6.0616,4.0,7.2472,1.3045,1.0,0.8658,24.1199,0.0,185.8594
dromara/liteflow,https://github.com/dromara/liteflow,3698,6.0014,0,10541,42567,21.6957,9.0,4.8216,3.0,4.6677,1.8099,2.0,0.6306,15.4944,0.0,123.8113
microservices-patterns/ftgo-application,https://github.com/microservices-patterns/ftgo-application,3690,8.4216,0,1448,6868,18.5622,12.5,5.2892,3.0,5.4351,1.1892,1.0,0.6383,8.1919,0.0,30.9646
FasterXML/jackson-databind,https://github.com/FasterXML/jackson-databind,3694,14.256,0,87227,194264,32.0356,8.0,3.7513,2.0,5.7931,1.7266,1.0,1.9693,23.6014,0.0,294.9584
DependencyTrack/dependency-track,https://github.com/DependencyTrack/dependency-track,3690,12.6927,76,114143,61001,83.6776,35.0,8.8848,6.0,10.2096,1.5171,1.0,0.7239,112.6667,1.0,1543.491
apache/incubator-heron,https://github.com/apache/incubator-heron,3687,10.4997,56,183934,70465,42.0687,20.0,5.5737,4.0,5.9743,1.4501,1.0,0.8592,20.7481,1.0,185.2943
springdoc/springdoc-openapi,https://github.com/springdoc/springdoc-openapi,3689,6.705,103,17149,54754,14.4737,6.0,3.936,3.0,4.804,1.3027,1.0,0.5975,9.0915,0.0,105.5896
1024-lab/smart-admin,https://github.com/1024-lab/smart-admin,3687,6.3573,24,36432,12888,22.453,10.0,6.3728,4.0,5.9099,1.2282,1.0,0.436,3.777,0.0,19.1379
Mojang/brigadier,https://github.com/Mojang/brigadier,3680,11.5264,3,470,4312,50.7294,29.0,6.6353,5.0,5.4055,1.1529,1.0,0.3913,44.5529,0.0,229.7495
Haleydu/Cimoc,https://github.com/Haleydu/Cimoc,3675,5.7112,61,15827,26130,43.1901,11.0,5.5273,3.0,6.8216,1.5041,1.0,0.9388,23.2694,0.0,77.8711
lisawray/groupie,https://github.com/lisawray/groupie,3668,9.5606,28,678,3898,41.914,15.0,5.0968,3.0,5.3783,1.828,1.0,1.0013,29.9032,0.0,140.7152
linkedin/databus,https://github.com/linkedin/databus,3678,13.2704,0,51191,124341,82.0191,26.0,5.2731,3.0,7.5288,1.3496,1.0,0.7587,46.7348,0.0,228.1026
yangfuhai/ASimpleCache,https://github.com/yangfuhai/ASimpleCache,3666,12.6598,0,719,1993,68.7241,30.0,4.4483,2.0,5.1568,1.4483,1.0,0.6207,38.5172,0.0,107.5988
networknt/light-4j,https://github.com/networknt/light-4j,3677,9.5387,195,14245,75996,58.5035,24.0,4.6667,3.0,5.2603,1.1671,1.0,0.5718,25.0485,0.0,129.373
mbechler/marshalsec,https://github.com/mbechler/marshalsec,3665,8.8433,0,469,2214,30.75,15.5,7.2917,6.0,5.6012,1.8194,1.0,1.0183,14.5833,1.0,38.7631
google/rejoiner,https://github.com/google/rejoiner,3664,8.3012,3,793,3566,27.2214,12.0,6.6183,5.0,6.1959,1.5725,1.0,1.0414,4.9237,0.0,14.8779
KunMinX/Linkage-RecyclerView,https://github.com/KunMinX/Linkage-RecyclerView,3659,6.9268,0,761,2552,34.0267,27.0,6.4,5.0,6.2589,1.5467,1.0,0.7173,10.3867,1.0,24.3348
anggrayudi/android-hidden-api,https://github.com/anggrayudi/android-hidden-api,3658,10.5243,2,334972,478,119.5,138.0,8.0,7.5,4.7434,1.0,1.0,0.0,56.5,0.5,97.2844
spring-io/initializr,https://github.com/spring-io/initializr,3659,12.7995,19,11725,33559,44.8051,24.0,5.7517,4.0,5.3962,1.255,1.0,0.6074,35.6449,1.0,179.8779
fyhertz/libstreaming,https://github.com/fyhertz/libstreaming,3656,13.1472,0,1537,6798,76.382,29.0,3.573,2.0,4.5342,1.4157,1.0,0.8587,23.2921,0.0,66.1889
huburt-Hu/NewbieGuide,https://github.com/huburt-Hu/NewbieGuide,3645,8.6598,20,795,1896,24.3077,8.0,4.3077,3.0,4.5328,1.1795,1.0,0.4158,10.4359,0.0,64.702
dropbox/hackpad,https://github.com/dropbox/hackpad,3659,10.6146,0,110132,87731,141.7302,33.0,4.6931,3.0,6.5681,1.7803,1.0,1.3258,152.2989,1.0,962.8668
TNG/ArchUnit,https://github.com/TNG/ArchUnit,3641,8.9281,43,17306,80143,21.8195,6.0,3.5086,2.0,6.68,1.2712,1.0,1.0417,39.4931,0.0,483.7576
litesuits/android-common,https://github.com/litesuits/android-common,3630,11.8248,0,594,6519,76.6941,35.0,3.5176,2.0,3.5566,1.2471,1.0,0.5922,124.3529,1.0,696.3113
PlexPt/chatgpt-java,https://github.com/PlexPt/chatgpt-java,3619,3.2991,24,441,2014,29.1884,8.0,5.2754,3.0,6.3972,1.2754,1.0,0.72,14.5942,0.0,57.3748
rockerhieu/emojicon,https://github.com/rockerhieu/emojicon,3608,12.1834,2,9713,2971,76.1795,13.0,5.1538,4.0,5.1716,1.5641,1.0,0.7777,6.7692,0.0,12.8172
dtinit/data-transfer-project,https://github.com/dtinit/data-transfer-project,3610,8.219,61,11271,34095,36.5043,19.0,6.8233,4.0,7.7701,1.2463,1.0,0.6998,6.8715,0.0,22.1373
hmkcode/Android,https://github.com/hmkcode/Android,3605,12.5613,0,1841,1387,24.7679,21.5,4.6964,5.0,3.417,1.6429,2.0,0.5151,2.1429,1.0,3.9071
oasisfeng/island,https://github.com/oasisfeng/island,3603,9.922,50,3182,7631,41.6995,18.0,6.7978,4.0,7.1255,1.5191,1.0,0.8418,52.1148,1.0,349.3646
googlemaps/android-maps-utils,https://github.com/googlemaps/android-maps-utils,3602,12.8569,63,22829,13946,63.9725,38.0,7.0138,5.0,6.9582,1.6743,1.0,0.9333,37.9083,1.0,147.6638
termux/termux-api,https://github.com/termux/termux-api,3593,10.7296,53,1343,11674,69.4881,26.5,5.4702,4.0,5.4093,1.3929,1.0,0.9576,3.6845,0.0,10.0001
cSploit/android,https://github.com/cSploit/android,3592,11.4743,33,39651,22657,44.252,14.0,4.209,2.0,5.7559,1.5176,1.0,1.0401,15.6523,0.0,173.6362
alibaba/Alink,https://github.com/alibaba/Alink,3620,7.4853,22,18863,475017,58.0918,13.0,6.3948,5.0,6.2068,1.5939,1.0,0.9465,34.6939,0.0,236.7444
tyrantgit/ExplosionField,https://github.com/tyrantgit/ExplosionField,3585,10.5051,0,1570,343,34.3,20.5,4.9,2.0,4.6787,1.5,1.5,0.5,4.3,0.0,9.8595
vert-x3/vertx-examples,https://github.com/vert-x3/vertx-examples,3584,11.0828,0,52133,9120,20.1325,17.0,5.3532,5.0,2.675,1.8234,2.0,0.5187,1.0265,1.0,2.4958
WVector/AppUpdate,https://github.com/WVector/AppUpdate,3582,8.7666,3,50788,2925,45.7031,13.0,4.4375,3.0,5.9657,1.1562,1.0,0.4038,37.1406,1.0,111.2828
kikoso/android-stackblur,https://github.com/kikoso/android-stackblur,3582,12.6105,0,6716,933,22.7561,5.0,1.7805,0.0,3.8032,1.0976,1.0,0.3699,0.5854,0.0,1.8738
davideas/FlexibleAdapter,https://github.com/davideas/FlexibleAdapter,3570,10.8966,31,10885,15857,48.6411,16.0,5.9877,4.0,7.5936,2.1135,1.0,1.6381,102.1564,1.0,1462.3
dongjunkun/DropDownMenu,https://github.com/dongjunkun/DropDownMenu,3567,10.757,2,14892,513,27.0,6.0,4.5263,3.0,3.5595,1.3684,1.0,0.4824,2.1579,0.0,4.1328
LinShunKang/MyPerf4J,https://github.com/LinShunKang/MyPerf4J,3566,8.0411,25,1169,10519,32.9749,18.0,3.6113,2.0,4.014,1.1567,1.0,0.3636,10.1567,0.0,40.359
JakeWharton/ThreeTenABP,https://github.com/JakeWharton/ThreeTenABP,3558,10.7296,0,439,117,16.7143,17.0,4.2857,4.0,1.666,1.4286,1.0,0.4949,1.4286,0.0,2.1285
bilibili/MagicaSakura,https://github.com/bilibili/MagicaSakura,3552,9.755,3,3043,5367,63.8929,33.5,8.2976,7.5,7.2486,1.6786,2.0,1.1868,25.4405,3.0,73.0936
code4craft/netty-learning,https://github.com/code4craft/netty-learning,3554,12.5147,0,3362,68759,59.0713,20.0,4.8686,4.0,4.5937,1.6469,1.0,1.123,39.2491,1.0,377.8164
dariuszseweryn/RxAndroidBle,https://github.com/dariuszseweryn/RxAndroidBle,3547,10.1383,60,2949,15479,32.4507,10.0,5.2935,3.0,6.4279,1.3145,1.0,0.9005,53.4822,0.0,619.9776
Netflix/concurrency-limits,https://github.com/Netflix/concurrency-limits,3546,8.2875,103,847,5153,40.2578,20.0,4.6094,3.0,4.5796,1.2812,1.0,0.7064,8.3828,1.0,21.2261
immutables/immutables,https://github.com/immutables/immutables,3548,12.7173,21,14233,72307,25.9444,7.0,4.5849,3.0,4.9386,1.2842,1.0,1.1392,30.7194,0.0,564.3285
johncarl81/parceler,https://github.com/johncarl81/parceler,3538,12.7283,0,1565,10156,23.0818,9.0,4.6932,3.0,7.0675,1.35,1.0,1.3195,16.5886,0.0,219.3695
arimorty/floatingsearchview,https://github.com/arimorty/floatingsearchview,3534,10.3409,0,7915,4170,30.8889,7.0,3.5704,2.0,7.0926,1.1778,1.0,0.4693,26.2815,0.0,242.0173
Guardsquare/proguard,https://github.com/Guardsquare/proguard,3532,6.9979,36,7094,33295,57.4052,22.0,9.1621,5.0,13.3085,1.2328,1.0,0.8321,58.5448,1.0,537.0685
M66B/NetGuard,https://github.com/M66B/NetGuard,3531,10.4203,165,28783,13021,65.4322,11.0,4.809,2.0,8.0435,1.2513,1.0,0.6852,18.4925,0.0,128.8902
luontola/retrolambda,https://github.com/luontola/retrolambda,3527,12.6817,0,1063,4848,20.2,5.5,2.4083,1.0,5.1486,1.4125,1.0,0.9223,9.0042,0.0,43.4766
rom1v/sndcpy,https://github.com/rom1v/sndcpy,3519,5.7933,2,171,214,53.5,20.0,7.75,4.5,7.1545,2.0,2.0,0.7071,20.25,0.0,35.074
andremion/Music-Player,https://github.com/andremion/Music-Player,3523,9.8836,2,24772,926,28.9375,19.5,4.4062,3.5,3.6216,1.75,2.0,0.7906,5.0312,0.5,9.6128
lenve/JavaEETest,https://github.com/lenve/JavaEETest,3514,9.2813,0,27714,2130,13.8312,9.0,3.3442,3.0,3.1134,1.0779,1.0,0.268,3.2662,0.0,9.6571
nageoffer/12306,https://github.com/nageoffer/12306,3508,2.8227,0,1978,8660,20.7177,9.0,4.8971,3.0,6.0085,1.2033,1.0,0.5571,2.7105,0.0,11.6504
lsjwzh/RecyclerViewPager,https://github.com/lsjwzh/RecyclerViewPager,3506,11.1869,10,3248,2735,38.5211,20.0,4.3099,2.0,4.2479,1.493,1.0,0.7096,9.9718,0.0,59.501
Aefyr/SAI,https://github.com/Aefyr/SAI,3506,7.2799,45,8307,16234,42.057,21.0,6.0881,4.0,6.4041,1.5466,1.0,0.9381,12.9482,0.5,33.8141
nytimes/Store,https://github.com/nytimes/Store,3503,9.3169,0,2538,11288,38.9241,14.0,6.1828,5.0,4.9728,1.5621,1.0,3.1335,17.0552,1.0,124.4505
baoyongzhang/SwipeMenuListView,https://github.com/baoyongzhang/SwipeMenuListView,3501,11.5866,2,1854,1347,40.8182,12.0,4.3939,2.0,4.7606,1.4545,1.0,0.7423,15.2424,1.0,39.6462
codeestX/GeekNews,https://github.com/codeestX/GeekNews,3500,9.6318,0,83845,11939,27.1959,11.0,4.6241,2.0,5.2154,1.4465,1.0,0.9162,10.0091,0.0,37.6069
Athou/commafeed,https://github.com/Athou/commafeed,3488,13.0157,66,20258,9527,35.4164,16.0,7.4424,5.0,7.939,1.368,1.0,0.8635,5.9628,0.0,18.8279
KingJA/LoadSir,https://github.com/KingJA/LoadSir,3486,8.5613,6,4024,1481,20.0135,12.5,5.1892,3.0,4.3236,1.5541,1.5,0.596,4.0135,0.0,11.909
getActivity/Toaster,https://github.com/getActivity/Toaster,3480,7.5236,38,55702,1481,41.1389,19.0,4.5278,3.0,4.362,1.3333,1.0,0.6667,38.6389,0.5,105.4944
phodal/migration,https://github.com/phodal/migration,3477,6.2122,0,6167,101,8.4167,8.0,1.4167,1.0,0.6401,1.0,1.0,0.0,0.0833,0.0,0.2764
ittianyu/BottomNavigationViewEx,https://github.com/ittianyu/BottomNavigationViewEx,3474,9.3662,19,1770,1371,47.2759,13.0,4.8966,3.0,5.0333,1.5862,1.0,0.72,50.1379,0.0,182.664
WinterChenS/my-site,https://github.com/WinterChenS/my-site,3474,7.896,0,6388,3496,38.8444,11.0,6.1889,3.0,7.9315,1.1889,1.0,0.492,35.0222,0.0,168.6536
Nekogram/Nekogram,https://github.com/Nekogram/Nekogram,3595,2.5407,46,524545,1690608,120.0034,18.0,6.8046,4.0,13.6099,1.6586,1.0,17.6913,70.2944,0.0,1357.0508
eclipse-openj9/openj9,https://github.com/eclipse-openj9/openj9,3509,8.5832,57,212399,644373,90.9746,20.0,3.1988,2.0,4.8245,1.5174,1.0,1.2862,111.3669,0.0,2135.5628
