nome_completo,nome_repo,dono,url,estrelas,criado_em,atualizado_em,idade_dias,idade_anos,dias_desde_ultimo_push
Snailclimb/JavaGuide,JavaGuide,Snailclimb,https://github.com/Snailclimb/JavaGuide,154489,2018-05-07T13:27:00Z,2026-03-26T15:53:57Z,2880,7.885,0
krahets/hello-algo,hello-algo,krahets,https://github.com/krahets/hello-algo,124039,2022-11-04T11:08:34Z,2026-03-26T15:26:21Z,1238,3.3895,0
GrowingGit/GitHub-Chinese-Top-Charts,GitHub-Chinese-Top-Charts,GrowingGit,https://github.com/GrowingGit/GitHub-Chinese-Top-Charts,107111,2019-09-05T03:01:56Z,2024-10-12T06:51:36Z,2394,6.5544,530
iluwatar/java-design-patterns,java-design-patterns,iluwatar,https://github.com/iluwatar/java-design-patterns,93837,2014-08-09T16:45:18Z,2026-03-20T21:23:33Z,4247,11.6277,5
macrozheng/mall,mall,macrozheng,https://github.com/macrozheng/mall,83249,2018-04-04T01:11:44Z,2026-03-06T07:30:02Z,2913,7.9754,20
spring-projects/spring-boot,spring-boot,spring-projects,https://github.com/spring-projects/spring-boot,80317,2012-10-19T15:02:57Z,2026-03-26T15:08:11Z,4906,13.4319,0
doocs/advanced-java,advanced-java,doocs,https://github.com/doocs/advanced-java,78917,2018-10-06T11:38:30Z,2026-01-21T23:54:19Z,2728,7.4689,63
MisterBooo/LeetCodeAnimation,LeetCodeAnimation,MisterBooo,https://github.com/MisterBooo/LeetCodeAnimation,76703,2018-12-06T08:01:22Z,2023-08-14T12:14:01Z,2667,7.3018,955
elastic/elasticsearch,elasticsearch,elastic,https://github.com/elastic/elasticsearch,76397,2010-02-08T13:20:56Z,2026-03-26T19:51:50Z,5890,16.1259,0
NationalSecurityAgency/ghidra,ghidra,NationalSecurityAgency,https://github.com/NationalSecurityAgency/ghidra,66186,2019-03-01T03:27:48Z,2026-03-25T13:12:05Z,2582,7.0691,1
TheAlgorithms/Java,Java,TheAlgorithms,https://github.com/TheAlgorithms/Java,65281,2016-07-16T10:21:02Z,2026-03-26T18:42:56Z,3540,9.692,0
kdn251/interviews,interviews,kdn251,https://github.com/kdn251/interviews,64936,2017-02-14T18:19:25Z,2025-05-12T12:56:04Z,3327,9.1088,318
spring-projects/spring-framework,spring-framework,spring-projects,https://github.com/spring-projects/spring-framework,59787,2010-12-08T04:04:45Z,2026-03-26T15:48:14Z,5587,15.2964,0
termux/termux-app,termux-app,termux,https://github.com/termux/termux-app,52517,2015-10-23T09:42:46Z,2026-03-23T19:42:57Z,3807,10.423,3
google/guava,guava,google,https://github.com/google/guava,51507,2014-05-29T16:23:17Z,2026-03-23T21:06:48Z,4319,11.8248,2
dbeaver/dbeaver,dbeaver,dbeaver,https://github.com/dbeaver/dbeaver,49295,2015-10-21T08:26:28Z,2026-03-26T19:30:52Z,3809,10.4285,0
ReactiveX/RxJava,RxJava,ReactiveX,https://github.com/ReactiveX/RxJava,48466,2013-01-08T20:11:48Z,2026-03-26T13:44:34Z,4824,13.2074,0
skylot/jadx,jadx,skylot,https://github.com/skylot/jadx,47801,2013-03-18T17:08:21Z,2026-03-24T20:56:16Z,4756,13.0212,1
jeecgboot/JeecgBoot,JeecgBoot,jeecgboot,https://github.com/jeecgboot/JeecgBoot,45577,2018-11-26T10:40:00Z,2026-03-25T22:32:59Z,2677,7.3292,0
apache/dubbo,dubbo,apache,https://github.com/apache/dubbo,41711,2012-06-19T07:56:02Z,2026-03-26T02:59:56Z,5028,13.7659,0
PhilJay/MPAndroidChart,MPAndroidChart,PhilJay,https://github.com/PhilJay/MPAndroidChart,38228,2014-04-25T14:29:47Z,2025-06-05T07:06:39Z,4353,11.9179,294
halo-dev/halo,halo,halo-dev,https://github.com/halo-dev/halo,38150,2018-03-21T12:56:52Z,2026-03-26T06:07:13Z,2927,8.0137,0
TeamNewPipe/NewPipe,NewPipe,TeamNewPipe,https://github.com/TeamNewPipe/NewPipe,37662,2015-09-03T23:39:26Z,2026-03-22T06:18:48Z,3856,10.5572,4
eugenp/tutorials,tutorials,eugenp,https://github.com/eugenp/tutorials,37350,2013-04-29T18:26:36Z,2026-03-24T15:21:07Z,4714,12.9062,2
alibaba/arthas,arthas,alibaba,https://github.com/alibaba/arthas,37214,2018-08-29T17:15:57Z,2026-03-23T09:37:39Z,2766,7.5729,3
YunaiV/ruoyi-vue-pro,ruoyi-vue-pro,YunaiV,https://github.com/YunaiV/ruoyi-vue-pro,36041,2021-01-24T03:18:25Z,2026-03-08T02:13:57Z,1887,5.1663,18
geekxh/hello-algorithm,hello-algorithm,geekxh,https://github.com/geekxh/hello-algorithm,36038,2020-05-29T05:47:09Z,2023-06-13T04:13:17Z,2127,5.8234,1017
doocs/leetcode,leetcode,doocs,https://github.com/doocs/leetcode,35825,2018-09-16T14:03:03Z,2026-03-26T14:02:46Z,2748,7.5236,0
airbnb/lottie-android,lottie-android,airbnb,https://github.com/airbnb/lottie-android,35602,2016-10-06T22:42:42Z,2026-02-15T22:03:57Z,3457,9.4648,38
ashishps1/awesome-system-design-resources,awesome-system-design-resources,ashishps1,https://github.com/ashishps1/awesome-system-design-resources,35559,2023-10-25T01:50:42Z,2026-02-16T18:32:29Z,883,2.4175,38
bumptech/glide,glide,bumptech,https://github.com/bumptech/glide,35032,2013-07-08T22:52:33Z,2026-03-25T21:24:19Z,4643,12.7118,0
netty/netty,netty,netty,https://github.com/netty/netty,34899,2010-11-09T09:22:21Z,2026-03-26T10:44:01Z,5616,15.3758,0
SeleniumHQ/selenium,selenium,SeleniumHQ,https://github.com/SeleniumHQ/selenium,34183,2013-01-14T21:40:56Z,2026-03-26T10:24:30Z,4818,13.191,0
xkcoding/spring-boot-demo,spring-boot-demo,xkcoding,https://github.com/xkcoding/spring-boot-demo,34113,2017-11-10T06:27:29Z,2024-07-24T02:02:52Z,3058,8.3723,610
zxing/zxing,zxing,zxing,https://github.com/zxing/zxing,33902,2011-10-12T14:07:27Z,2026-03-16T06:53:03Z,5279,14.4531,10
alibaba/easyexcel,easyexcel,alibaba,https://github.com/alibaba/easyexcel,33770,2018-02-06T03:14:08Z,2024-10-29T06:07:07Z,2970,8.1314,513
Blankj/AndroidUtilCode,AndroidUtilCode,Blankj,https://github.com/Blankj/AndroidUtilCode,33707,2016-07-30T18:18:32Z,2024-08-15T10:38:10Z,3526,9.6537,588
keycloak/keycloak,keycloak,keycloak,https://github.com/keycloak/keycloak,33583,2013-07-02T13:38:51Z,2026-03-26T16:46:32Z,4650,12.731,0
alibaba/nacos,nacos,alibaba,https://github.com/alibaba/nacos,32766,2018-06-15T06:49:27Z,2026-03-26T15:48:33Z,2841,7.7782,0
binarywang/WxJava,WxJava,binarywang,https://github.com/binarywang/WxJava,32672,2016-01-06T08:24:05Z,2026-03-26T13:29:03Z,3732,10.2177,0
apache/kafka,kafka,apache,https://github.com/apache/kafka,32236,2011-08-15T18:06:16Z,2026-03-26T19:10:47Z,5337,14.6119,0
conductor-oss/conductor,conductor,conductor-oss,https://github.com/conductor-oss/conductor,31566,2023-12-08T06:06:09Z,2026-03-26T19:19:57Z,839,2.2971,0
ityouknow/spring-boot-examples,spring-boot-examples,ityouknow,https://github.com/ityouknow/spring-boot-examples,30638,2016-11-05T05:32:33Z,2023-11-18T16:32:16Z,3428,9.3854,859
chinabugotech/hutool,hutool,chinabugotech,https://github.com/chinabugotech/hutool,30332,2014-04-13T07:23:51Z,2026-03-23T02:12:35Z,4365,11.9507,3
xuxueli/xxl-job,xxl-job,xuxueli,https://github.com/xuxueli/xxl-job,29996,2015-11-28T12:59:34Z,2026-03-22T14:17:56Z,3771,10.3244,4
apolloconfig/apollo,apollo,apolloconfig,https://github.com/apolloconfig/apollo,29768,2016-03-04T10:24:23Z,2026-03-21T07:38:23Z,3674,10.0589,5
alibaba/canal,canal,alibaba,https://github.com/alibaba/canal,29645,2013-01-13T10:59:52Z,2026-02-12T09:43:09Z,4820,13.1964,42
yuliskov/SmartTube,SmartTube,yuliskov,https://github.com/yuliskov/SmartTube,29101,2020-07-28T12:53:52Z,2026-03-26T05:26:45Z,2067,5.6591,0
alibaba/spring-cloud-alibaba,spring-cloud-alibaba,alibaba,https://github.com/alibaba/spring-cloud-alibaba,29081,2017-12-01T20:49:15Z,2026-03-22T08:50:59Z,3036,8.3121,4
wuyouzhuguli/SpringAll,SpringAll,wuyouzhuguli,https://github.com/wuyouzhuguli/SpringAll,29012,2018-05-02T02:48:44Z,2024-05-31T14:56:35Z,2885,7.8987,664
DrKLO/Telegram,Telegram,DrKLO,https://github.com/DrKLO/Telegram,28762,2013-10-25T14:08:10Z,2026-03-08T19:57:32Z,4535,12.4162,17
alibaba/druid,druid,alibaba,https://github.com/alibaba/druid,28218,2011-11-03T05:12:51Z,2026-03-23T00:05:36Z,5257,14.3929,3
lenve/vhr,vhr,lenve,https://github.com/lenve/vhr,28099,2018-01-04T08:57:51Z,2024-11-25T00:07:39Z,3003,8.2218,486
Anuken/Mindustry,Mindustry,Anuken,https://github.com/Anuken/Mindustry,27034,2017-04-30T01:24:29Z,2026-03-26T15:04:33Z,3252,8.9035,0
crossoverJie/JCSprout,JCSprout,crossoverJie,https://github.com/crossoverJie/JCSprout,27002,2017-12-17T09:06:50Z,2024-05-21T02:46:20Z,3021,8.271,674
qiurunze123/miaosha,miaosha,qiurunze123,https://github.com/qiurunze123/miaosha,26604,2018-09-14T04:36:24Z,2025-04-18T06:23:43Z,2750,7.5291,342
kestra-io/kestra,kestra,kestra-io,https://github.com/kestra-io/kestra,26600,2019-08-24T13:56:15Z,2026-03-26T18:20:02Z,2406,6.5873,0
OpenAPITools/openapi-generator,openapi-generator,OpenAPITools,https://github.com/OpenAPITools/openapi-generator,26030,2018-05-12T09:57:56Z,2026-03-26T11:24:38Z,2875,7.8713,0
apache/incubator-seata,incubator-seata,apache,https://github.com/apache/incubator-seata,25966,2018-12-28T08:37:22Z,2026-03-20T08:23:03Z,2645,7.2416,6
apache/flink,flink,apache,https://github.com/apache/flink,25898,2014-06-07T07:00:10Z,2026-03-26T15:16:59Z,4310,11.8001,0
alibaba/fastjson,fastjson,alibaba,https://github.com/alibaba/fastjson,25701,2011-11-03T06:58:52Z,2024-07-16T07:35:37Z,5257,14.3929,618
hollischuang/toBeTopJavaer,toBeTopJavaer,hollischuang,https://github.com/hollischuang/toBeTopJavaer,25459,2018-10-25T09:54:54Z,2024-01-03T13:58:24Z,2709,7.4168,813
JakeWharton/butterknife,butterknife,JakeWharton,https://github.com/JakeWharton/butterknife,25413,2013-03-05T08:18:59Z,2023-09-02T07:41:30Z,4769,13.0568,936
CodePhiliaX/Chat2DB,Chat2DB,CodePhiliaX,https://github.com/CodePhiliaX/Chat2DB,25281,2023-06-20T14:05:26Z,2026-03-22T14:30:05Z,1010,2.7652,4
bazelbuild/bazel,bazel,bazelbuild,https://github.com/bazelbuild/bazel,25263,2014-06-12T16:00:38Z,2026-03-26T19:43:48Z,4305,11.7864,0
scwang90/SmartRefreshLayout,SmartRefreshLayout,scwang90,https://github.com/scwang90/SmartRefreshLayout,25174,2017-06-02T09:52:50Z,2024-12-04T12:28:17Z,3219,8.8131,477
jenkinsci/jenkins,jenkins,jenkinsci,https://github.com/jenkinsci/jenkins,25132,2010-11-22T21:21:23Z,2026-03-26T12:17:55Z,5602,15.3374,0
libgdx/libgdx,libgdx,libgdx,https://github.com/libgdx/libgdx,24952,2012-08-10T19:34:38Z,2026-03-25T16:30:53Z,4976,13.6235,1
proxyee-down-org/proxyee-down,proxyee-down,proxyee-down-org,https://github.com/proxyee-down-org/proxyee-down,24787,2017-10-25T10:07:27Z,2024-07-16T09:22:28Z,3074,8.4162,618
apache/skywalking,skywalking,apache,https://github.com/apache/skywalking,24764,2015-11-07T03:30:36Z,2026-03-26T14:19:42Z,3792,10.3819,0
greenrobot/EventBus,EventBus,greenrobot,https://github.com/greenrobot/EventBus,24748,2012-07-16T16:55:40Z,2024-02-21T18:18:34Z,5001,13.692,764
Netflix/Hystrix,Hystrix,Netflix,https://github.com/Netflix/Hystrix,24467,2012-11-19T20:14:46Z,2025-12-17T03:21:02Z,4874,13.3443,99
google/gson,gson,google,https://github.com/google/gson,24349,2015-03-19T18:21:20Z,2026-03-19T19:36:10Z,4025,11.0198,7
redisson/redisson,redisson,redisson,https://github.com/redisson/redisson,24278,2014-01-11T14:06:25Z,2026-03-26T06:43:14Z,4457,12.2026,0
iBotPeaches/Apktool,Apktool,iBotPeaches,https://github.com/iBotPeaches/Apktool,24148,2012-03-19T17:46:53Z,2026-03-23T08:04:57Z,5120,14.0178,3
dataease/dataease,dataease,dataease,https://github.com/dataease/dataease,23679,2021-02-02T04:10:21Z,2026-03-26T15:29:52Z,1878,5.1417,0
EnterpriseQualityCoding/FizzBuzzEnterpriseEdition,FizzBuzzEnterpriseEdition,EnterpriseQualityCoding,https://github.com/EnterpriseQualityCoding/FizzBuzzEnterpriseEdition,23570,2012-11-24T00:14:41Z,2024-07-15T08:04:08Z,4870,13.3333,619
LSPosed/LSPosed,LSPosed,LSPosed,https://github.com/LSPosed/LSPosed,23245,2020-12-12T08:39:37Z,2025-03-04T21:28:36Z,1930,5.2841,386
doocs/source-code-hunter,source-code-hunter,doocs,https://github.com/doocs/source-code-hunter,23136,2019-10-28T01:35:10Z,2026-01-09T10:56:52Z,2341,6.4093,76
alibaba/Sentinel,Sentinel,alibaba,https://github.com/alibaba/Sentinel,23105,2018-04-04T06:37:33Z,2026-03-20T05:47:26Z,2913,7.9754,6
ashishps1/awesome-low-level-design,awesome-low-level-design,ashishps1,https://github.com/ashishps1/awesome-low-level-design,22924,2023-11-17T10:15:12Z,2026-02-26T05:15:01Z,860,2.3546,28
openjdk/jdk,jdk,openjdk,https://github.com/openjdk/jdk,22739,2018-09-17T12:29:20Z,2026-03-26T19:42:50Z,2747,7.5209,0
apache/rocketmq,rocketmq,apache,https://github.com/apache/rocketmq,22387,2016-11-30T08:00:08Z,2026-03-25T07:24:21Z,3403,9.3169,1
kunal-kushwaha/DSA-Bootcamp-Java,DSA-Bootcamp-Java,kunal-kushwaha,https://github.com/kunal-kushwaha/DSA-Bootcamp-Java,22383,2021-07-30T12:23:25Z,2024-08-18T08:21:57Z,1700,4.6543,585
google/ExoPlayer,ExoPlayer,google,https://github.com/google/ExoPlayer,21936,2014-06-13T21:19:18Z,2025-12-23T16:39:03Z,4303,11.781,93
elunez/eladmin,eladmin,elunez,https://github.com/elunez/eladmin,21936,2018-12-14T08:54:24Z,2026-03-13T09:05:23Z,2659,7.2799,13
oracle/graal,graal,oracle,https://github.com/oracle/graal,21532,2016-01-14T17:11:35Z,2026-03-26T19:21:10Z,3724,10.1958,0
CarGuo/GSYVideoPlayer,GSYVideoPlayer,CarGuo,https://github.com/CarGuo/GSYVideoPlayer,21431,2016-11-13T12:34:31Z,2026-03-19T08:53:35Z,3420,9.3634,7
thingsboard/thingsboard,thingsboard,thingsboard,https://github.com/thingsboard/thingsboard,21424,2016-12-01T09:33:30Z,2026-03-26T14:08:42Z,3402,9.3142,0
brettwooldridge/HikariCP,HikariCP,brettwooldridge,https://github.com/brettwooldridge/HikariCP,21078,2013-10-08T05:43:03Z,2025-11-04T07:50:44Z,4552,12.4627,142
apache/shardingsphere,shardingsphere,apache,https://github.com/apache/shardingsphere,20703,2016-01-18T12:49:26Z,2026-03-26T08:53:40Z,3720,10.1848,0
didi/DoKit,DoKit,didi,https://github.com/didi/DoKit,20434,2018-08-14T10:32:07Z,2025-08-12T11:43:04Z,2781,7.614,226
mybatis/mybatis-3,mybatis-3,mybatis,https://github.com/mybatis/mybatis-3,20401,2013-02-14T19:03:32Z,2026-03-21T04:58:17Z,4788,13.1088,5
linlinjava/litemall,litemall,linlinjava,https://github.com/linlinjava/litemall,20209,2018-03-22T16:42:30Z,2025-10-05T15:18:32Z,2926,8.011,172
ReactiveX/RxAndroid,RxAndroid,ReactiveX,https://github.com/ReactiveX/RxAndroid,20181,2014-08-19T03:46:38Z,2026-03-24T13:48:27Z,4237,11.6003,2
yudaocode/SpringBoot-Labs,SpringBoot-Labs,yudaocode,https://github.com/yudaocode/SpringBoot-Labs,20077,2018-09-12T14:51:46Z,2024-04-28T06:20:25Z,2752,7.5346,697
JetBrains/intellij-community,intellij-community,JetBrains,https://github.com/JetBrains/intellij-community,19876,2011-09-30T13:33:05Z,2026-03-26T19:39:43Z,5291,14.486,0
dianping/cat,cat,dianping,https://github.com/dianping/cat,18971,2012-12-05T02:31:48Z,2025-01-04T10:23:47Z,4859,13.3032,446
lionsoul2014/ip2region,ip2region,lionsoul2014,https://github.com/lionsoul2014/ip2region,18872,2015-11-02T00:43:13Z,2026-03-23T12:55:27Z,3797,10.3956,3
Baseflow/PhotoView,PhotoView,Baseflow,https://github.com/Baseflow/PhotoView,18859,2012-07-17T16:39:00Z,2022-03-25T09:53:49Z,5000,13.6893,1462
antlr/antlr4,antlr4,antlr,https://github.com/antlr/antlr4,18806,2010-02-04T01:36:28Z,2026-02-16T21:29:09Z,5894,16.1369,37
YunaiV/yudao-cloud,yudao-cloud,YunaiV,https://github.com/YunaiV/yudao-cloud,18710,2019-05-02T16:06:49Z,2026-03-08T02:18:19Z,2520,6.8994,18
dromara/Sa-Token,Sa-Token,dromara,https://github.com/dromara/Sa-Token,18707,2020-02-03T10:34:29Z,2026-03-11T10:34:43Z,2243,6.141,15
williamfiset/Algorithms,Algorithms,williamfiset,https://github.com/williamfiset/Algorithms,18540,2017-03-18T02:50:46Z,2026-03-25T17:47:30Z,3295,9.0212,1
Tencent/APIJSON,APIJSON,Tencent,https://github.com/Tencent/APIJSON,18409,2016-11-21T12:03:29Z,2026-03-14T05:09:49Z,3412,9.3415,12
LMAX-Exchange/disruptor,disruptor,LMAX-Exchange,https://github.com/LMAX-Exchange/disruptor,18273,2012-09-21T13:42:24Z,2025-04-02T13:03:33Z,4934,13.5086,358
forezp/SpringCloudLearning,SpringCloudLearning,forezp,https://github.com/forezp/SpringCloudLearning,17978,2017-04-08T10:06:56Z,2021-04-12T09:53:47Z,3274,8.9637,1809
Tencent/tinker,tinker,Tencent,https://github.com/Tencent/tinker,17819,2016-09-06T06:57:52Z,2026-03-25T02:49:29Z,3488,9.5496,1
ben-manes/caffeine,caffeine,ben-manes,https://github.com/ben-manes/caffeine,17574,2014-12-13T08:45:11Z,2026-03-23T06:01:28Z,4121,11.2827,3
infinilabs/analysis-ik,analysis-ik,infinilabs,https://github.com/infinilabs/analysis-ik,17435,2011-12-16T09:01:45Z,2026-03-20T02:44:55Z,5214,14.2752,6
openzipkin/zipkin,zipkin,openzipkin,https://github.com/openzipkin/zipkin,17418,2012-06-06T18:26:16Z,2026-03-25T19:20:40Z,5041,13.8015,1
justauth/JustAuth,JustAuth,justauth,https://github.com/justauth/JustAuth,17416,2019-01-31T09:42:20Z,2025-10-17T14:00:44Z,2611,7.1485,160
baomidou/mybatis-plus,mybatis-plus,baomidou,https://github.com/baomidou/mybatis-plus,17324,2016-08-18T10:06:53Z,2026-02-07T03:16:21Z,3507,9.6016,47
gyoogle/tech-interview-for-developer,tech-interview-for-developer,gyoogle,https://github.com/gyoogle/tech-interview-for-developer,17232,2019-06-09T04:42:57Z,2025-06-04T08:16:06Z,2482,6.7953,295
material-components/material-components-android,material-components-android,material-components,https://github.com/material-components/material-components-android,17217,2016-12-05T16:11:29Z,2026-03-24T14:22:11Z,3398,9.3032,2
facebook/fresco,fresco,facebook,https://github.com/facebook/fresco,17163,2015-03-02T09:58:04Z,2026-03-26T19:19:40Z,4042,11.0664,0
alibaba/DataX,DataX,alibaba,https://github.com/alibaba/DataX,17146,2018-01-18T10:09:47Z,2025-07-01T01:42:28Z,2989,8.1834,268
nostra13/Android-Universal-Image-Loader,Android-Universal-Image-Loader,nostra13,https://github.com/nostra13/Android-Universal-Image-Loader,17056,2011-11-27T18:48:23Z,2024-08-15T11:03:23Z,5233,14.3272,588
heibaiying/BigData-Notes,BigData-Notes,heibaiying,https://github.com/heibaiying/BigData-Notes,16882,2019-03-10T01:40:01Z,2024-01-05T03:00:32Z,2573,7.0445,811
questdb/questdb,questdb,questdb,https://github.com/questdb/questdb,16790,2014-04-28T23:29:15Z,2026-03-26T18:16:19Z,4349,11.9069,0
winterbe/java8-tutorial,java8-tutorial,winterbe,https://github.com/winterbe/java8-tutorial,16768,2014-03-16T17:25:43Z,2023-08-11T18:44:34Z,4393,12.0274,958
Grasscutters/Grasscutter,Grasscutter,Grasscutters,https://github.com/Grasscutters/Grasscutter,16768,2022-04-17T12:43:46Z,2026-03-04T02:54:53Z,1439,3.9398,22
shuzheng/zheng,zheng,shuzheng,https://github.com/shuzheng/zheng,16703,2016-10-04T10:07:06Z,2022-12-16T09:53:00Z,3460,9.473,1196
prestodb/presto,presto,prestodb,https://github.com/prestodb/presto,16667,2012-08-09T01:03:37Z,2026-03-26T15:01:52Z,4977,13.6263,0
JeffLi1993/springboot-learning-example,springboot-learning-example,JeffLi1993,https://github.com/JeffLi1993/springboot-learning-example,16595,2017-02-06T07:02:25Z,2023-12-03T12:33:47Z,3335,9.1307,844
neo4j/neo4j,neo4j,neo4j,https://github.com/neo4j/neo4j,16183,2012-11-12T08:46:15Z,2026-03-20T15:45:08Z,4882,13.3662,6
ashishps1/awesome-leetcode-resources,awesome-leetcode-resources,ashishps1,https://github.com/ashishps1/awesome-leetcode-resources,16093,2023-10-25T01:48:19Z,2025-11-25T13:00:27Z,883,2.4175,121
android-hacker/VirtualXposed,VirtualXposed,android-hacker,https://github.com/android-hacker/VirtualXposed,15989,2017-12-01T09:00:58Z,2024-03-08T05:09:27Z,3037,8.3149,748
dyc87112/SpringBoot-Learning,SpringBoot-Learning,dyc87112,https://github.com/dyc87112/SpringBoot-Learning,15792,2016-08-21T03:39:06Z,2023-12-17T15:45:30Z,3504,9.5934,830
android10/Android-CleanArchitecture,Android-CleanArchitecture,android10,https://github.com/android10/Android-CleanArchitecture,15561,2014-08-19T14:09:26Z,2023-04-28T06:54:52Z,4237,11.6003,1063
quarkusio/quarkus,quarkus,quarkusio,https://github.com/quarkusio/quarkus,15561,2018-07-06T00:44:20Z,2026-03-26T19:13:06Z,2820,7.7207,0
apache/hadoop,hadoop,apache,https://github.com/apache/hadoop,15511,2014-08-28T07:00:08Z,2026-03-26T15:07:50Z,4228,11.5756,0
Konloch/bytecode-viewer,bytecode-viewer,Konloch,https://github.com/Konloch/bytecode-viewer,15460,2014-10-14T10:26:46Z,2026-01-07T04:07:00Z,4181,11.447,78
mockito/mockito,mockito,mockito,https://github.com/mockito/mockito,15435,2012-10-13T20:27:12Z,2026-03-26T18:02:25Z,4911,13.4456,0
apache/pulsar,pulsar,apache,https://github.com/apache/pulsar,15179,2016-06-28T07:00:03Z,2026-03-26T19:09:28Z,3558,9.7413,0
apache/doris,doris,apache,https://github.com/apache/doris,15156,2017-08-10T12:13:30Z,2026-03-26T14:16:54Z,3150,8.6242,0
java-decompiler/jd-gui,jd-gui,java-decompiler,https://github.com/java-decompiler/jd-gui,15059,2015-03-25T05:28:41Z,2024-07-08T18:45:59Z,4019,11.0034,626
zhisheng17/flink-learning,flink-learning,zhisheng17,https://github.com/zhisheng17/flink-learning,15056,2019-01-01T07:38:28Z,2026-03-09T02:12:13Z,2641,7.2307,17
supertokens/supertokens-core,supertokens-core,supertokens,https://github.com/supertokens/supertokens-core,14988,2020-01-05T13:30:52Z,2026-03-26T14:48:52Z,2272,6.2204,0
zaproxy/zaproxy,zaproxy,zaproxy,https://github.com/zaproxy/zaproxy,14912,2015-06-03T16:55:01Z,2026-03-26T09:05:29Z,3949,10.8118,0
cryptomator/cryptomator,cryptomator,cryptomator,https://github.com/cryptomator/cryptomator,14840,2014-02-02T00:43:47Z,2026-03-26T18:01:13Z,4435,12.1424,0
elastic/logstash,logstash,elastic,https://github.com/elastic/logstash,14815,2010-11-18T01:31:50Z,2026-03-26T19:03:00Z,5607,15.3511,0
theonedev/onedev,onedev,theonedev,https://github.com/theonedev/onedev,14802,2018-11-06T02:57:01Z,2026-03-15T00:06:34Z,2697,7.384,11
eclipse-vertx/vert.x,vert.x,eclipse-vertx,https://github.com/eclipse-vertx/vert.x,14662,2011-06-17T14:54:55Z,2026-03-26T14:14:12Z,5396,14.7734,0
arduino/Arduino,Arduino,arduino,https://github.com/arduino/Arduino,14553,2010-09-17T19:10:36Z,2025-10-11T09:27:40Z,5669,15.5209,166
hdodenhof/CircleImageView,CircleImageView,hdodenhof,https://github.com/hdodenhof/CircleImageView,14543,2014-01-17T16:44:46Z,2024-05-03T11:20:49Z,4451,12.1862,692
Tencent/QMUI_Android,QMUI_Android,Tencent,https://github.com/Tencent/QMUI_Android,14522,2017-04-21T10:03:18Z,2024-11-05T06:18:02Z,3261,8.9281,506
alibaba/ARouter,ARouter,alibaba,https://github.com/alibaba/ARouter,14501,2016-12-14T01:27:49Z,2023-09-11T06:07:41Z,3389,9.2786,927
GoogleContainerTools/jib,jib,GoogleContainerTools,https://github.com/GoogleContainerTools/jib,14362,2018-01-22T18:30:43Z,2026-02-18T21:11:09Z,2985,8.1725,35
languagetool-org/languagetool,languagetool,languagetool-org,https://github.com/languagetool-org/languagetool,14217,2013-08-08T16:37:22Z,2026-03-26T19:52:31Z,4613,12.6297,0
deeplearning4j/deeplearning4j,deeplearning4j,deeplearning4j,https://github.com/deeplearning4j/deeplearning4j,14214,2013-11-27T02:03:28Z,2026-03-25T19:26:47Z,4502,12.3258,1
apache/dolphinscheduler,dolphinscheduler,apache,https://github.com/apache/dolphinscheduler,14203,2019-03-01T16:39:25Z,2026-03-24T14:59:01Z,2582,7.0691,2
DuGuQiuBai/Java,Java,DuGuQiuBai,https://github.com/DuGuQiuBai/Java,14193,2015-11-25T07:30:08Z,2024-07-20T03:42:57Z,3774,10.3326,614
kekingcn/kkFileView,kkFileView,kekingcn,https://github.com/kekingcn/kkFileView,14028,2017-12-12T11:41:08Z,2026-03-11T13:02:56Z,3026,8.2847,15
Netflix/zuul,zuul,Netflix,https://github.com/Netflix/zuul,14000,2013-03-13T18:53:57Z,2026-03-26T16:35:30Z,4761,13.0349,0
janishar/mit-deep-learning-book-pdf,mit-deep-learning-book-pdf,janishar,https://github.com/janishar/mit-deep-learning-book-pdf,13970,2017-04-07T10:46:50Z,2026-02-03T19:27:04Z,3275,8.9665,51
apache/druid,druid,apache,https://github.com/apache/druid,13966,2012-10-23T19:08:07Z,2026-03-26T16:04:12Z,4902,13.4209,0
xpipe-io/xpipe,xpipe,xpipe-io,https://github.com/xpipe-io/xpipe,13913,2023-01-27T02:25:38Z,2026-03-26T19:47:51Z,1154,3.1595,0
sqshq/piggymetrics,piggymetrics,sqshq,https://github.com/sqshq/piggymetrics,13882,2015-03-29T17:56:31Z,2024-05-17T09:38:48Z,4015,10.9925,678
orhanobut/logger,logger,orhanobut,https://github.com/orhanobut/logger,13879,2015-03-20T22:30:12Z,2022-09-14T10:04:00Z,4023,11.0144,1289
pinpoint-apm/pinpoint,pinpoint,pinpoint-apm,https://github.com/pinpoint-apm/pinpoint,13815,2014-10-20T09:27:22Z,2026-03-26T05:36:37Z,4175,11.4305,0
lgvalle/Material-Animations,Material-Animations,lgvalle,https://github.com/lgvalle/Material-Animations,13799,2015-03-08T20:54:00Z,2019-04-02T15:42:38Z,4035,11.0472,2550
seaswalker/spring-analysis,spring-analysis,seaswalker,https://github.com/seaswalker/spring-analysis,13764,2016-09-09T07:46:32Z,2023-03-24T12:08:27Z,3485,9.5414,1098
JessYanCoding/AndroidAutoSize,AndroidAutoSize,JessYanCoding,https://github.com/JessYanCoding/AndroidAutoSize,13748,2018-08-17T09:04:19Z,2023-05-28T15:08:32Z,2778,7.6057,1033
LuckSiege/PictureSelector,PictureSelector,LuckSiege,https://github.com/LuckSiege/PictureSelector,13595,2017-01-04T07:47:39Z,2024-05-11T03:14:44Z,3368,9.2211,684
tink-crypto/tink,tink,tink-crypto,https://github.com/tink-crypto/tink,13559,2014-06-06T16:21:09Z,2024-04-17T11:08:35Z,4311,11.8029,708
Bigkoo/Android-PickerView,Android-PickerView,Bigkoo,https://github.com/Bigkoo/Android-PickerView,13469,2014-12-28T01:46:38Z,2022-12-30T03:36:03Z,4106,11.2416,1182
projectlombok/lombok,lombok,projectlombok,https://github.com/projectlombok/lombok,13429,2009-06-08T19:46:41Z,2026-03-11T00:16:18Z,6135,16.7967,15
macrozheng/mall-learning,mall-learning,macrozheng,https://github.com/macrozheng/mall-learning,13367,2019-04-12T13:20:31Z,2024-09-15T01:05:39Z,2540,6.9541,557
pxb1988/dex2jar,dex2jar,pxb1988,https://github.com/pxb1988/dex2jar,13100,2015-03-16T09:13:07Z,2024-07-21T06:08:25Z,4028,11.0281,613
metersphere/metersphere,metersphere,metersphere,https://github.com/metersphere/metersphere,13045,2020-02-03T02:06:12Z,2026-03-26T02:58:24Z,2243,6.141,0
youth5201314/banner,banner,youth5201314,https://github.com/youth5201314/banner,13040,2016-04-22T05:50:25Z,2024-01-11T08:41:56Z,3625,9.9247,805
alibaba/COLA,COLA,alibaba,https://github.com/alibaba/COLA,12920,2018-02-06T13:46:27Z,2025-06-09T03:26:02Z,2970,8.1314,290
macrozheng/mall-swarm,mall-swarm,macrozheng,https://github.com/macrozheng/mall-swarm,12890,2019-11-25T06:55:31Z,2025-10-16T06:34:06Z,2313,6.3326,161
plantuml/plantuml,plantuml,plantuml,https://github.com/plantuml/plantuml,12837,2010-11-04T15:55:50Z,2026-03-26T18:05:15Z,5621,15.3895,0
codecentric/spring-boot-admin,spring-boot-admin,codecentric,https://github.com/codecentric/spring-boot-admin,12826,2014-07-25T11:39:13Z,2026-03-26T17:07:48Z,4262,11.6687,0
Netflix/conductor,conductor,Netflix,https://github.com/Netflix/conductor,12788,2016-12-07T22:48:42Z,2023-12-22T23:40:04Z,3395,9.295,824
apache/zookeeper,zookeeper,apache,https://github.com/apache/zookeeper,12743,2009-03-27T15:41:56Z,2026-03-24T15:25:35Z,6208,16.9966,2
google/guice,guice,google,https://github.com/google/guice,12732,2014-05-28T23:18:53Z,2026-02-03T00:27:19Z,4319,11.8248,51
microg/GmsCore,GmsCore,microg,https://github.com/microg/GmsCore,12709,2014-04-23T19:28:47Z,2026-03-24T10:22:58Z,4355,11.9233,2
facebook/stetho,stetho,facebook,https://github.com/facebook/stetho,12701,2015-01-22T22:34:10Z,2024-10-26T03:44:45Z,4080,11.1704,516
Netflix/eureka,eureka,Netflix,https://github.com/Netflix/eureka,12697,2012-07-26T22:23:07Z,2026-03-23T21:24:45Z,4990,13.6619,2
trinodb/trino,trino,trinodb,https://github.com/trinodb/trino,12665,2019-01-19T06:38:14Z,2026-03-26T18:43:37Z,2623,7.1814,0
opensearch-project/OpenSearch,OpenSearch,opensearch-project,https://github.com/opensearch-project/OpenSearch,12647,2021-01-29T22:10:00Z,2026-03-26T19:16:55Z,1881,5.1499,0
greenrobot/greenDAO,greenDAO,greenrobot,https://github.com/greenrobot/greenDAO,12617,2011-10-22T16:15:14Z,2024-04-30T05:30:59Z,5269,14.4257,695
zhihu/Matisse,Matisse,zhihu,https://github.com/zhihu/Matisse,12564,2017-04-13T01:31:05Z,2023-05-15T09:55:57Z,3269,8.95,1046
debezium/debezium,debezium,debezium,https://github.com/debezium/debezium,12551,2016-01-22T20:17:05Z,2026-03-26T18:15:38Z,3715,10.1711,0
daimajia/AndroidViewAnimations,AndroidViewAnimations,daimajia,https://github.com/daimajia/AndroidViewAnimations,12473,2014-06-23T03:53:13Z,2021-08-18T23:15:07Z,4294,11.7563,1680
LawnchairLauncher/lawnchair,lawnchair,LawnchairLauncher,https://github.com/LawnchairLauncher/lawnchair,12448,2017-03-03T13:12:58Z,2026-03-26T18:59:29Z,3310,9.0623,0
pagehelper-org/Mybatis-PageHelper,Mybatis-PageHelper,pagehelper-org,https://github.com/pagehelper-org/Mybatis-PageHelper,12383,2014-06-09T15:32:30Z,2026-02-25T18:41:25Z,4308,11.7947,29
daimajia/AndroidSwipeLayout,AndroidSwipeLayout,daimajia,https://github.com/daimajia/AndroidSwipeLayout,12382,2014-08-25T04:09:33Z,2023-11-10T08:30:13Z,4231,11.5838,867
redis/jedis,jedis,redis,https://github.com/redis/jedis,12299,2010-06-11T13:04:43Z,2026-03-26T15:27:19Z,5767,15.7892,0
amitshekhariitbhu/android-interview-questions,android-interview-questions,amitshekhariitbhu,https://github.com/amitshekhariitbhu/android-interview-questions,12292,2017-07-09T18:47:24Z,2026-03-21T09:31:59Z,3182,8.7118,5
Team-xManager/xManager,xManager,Team-xManager,https://github.com/Team-xManager/xManager,12185,2021-02-08T11:31:10Z,2025-08-15T13:13:07Z,1872,5.1253,223
beemdevelopment/Aegis,Aegis,beemdevelopment,https://github.com/beemdevelopment/Aegis,12176,2016-08-15T19:10:31Z,2026-02-24T19:51:57Z,3510,9.6099,30
Yalantis/uCrop,uCrop,Yalantis,https://github.com/Yalantis/uCrop,12121,2016-01-05T13:41:06Z,2025-08-07T16:51:43Z,3733,10.2204,231
PaperMC/Paper,Paper,PaperMC,https://github.com/PaperMC/Paper,12036,2016-01-22T05:40:19Z,2026-03-26T15:41:22Z,3716,10.1739,0
grpc/grpc-java,grpc-java,grpc,https://github.com/grpc/grpc-java,11999,2014-12-08T19:00:00Z,2026-03-26T07:06:31Z,4126,11.2964,0
Tencent/matrix,matrix,Tencent,https://github.com/Tencent/matrix,11998,2018-12-11T07:08:02Z,2024-07-23T10:46:08Z,2662,7.2882,611
provectus/kafka-ui,kafka-ui,provectus,https://github.com/provectus/kafka-ui,11983,2019-11-26T15:55:55Z,2024-07-26T08:00:52Z,2312,6.3299,608
Tencent/VasSonic,VasSonic,Tencent,https://github.com/Tencent/VasSonic,11879,2017-08-01T08:35:13Z,2023-04-07T11:37:52Z,3159,8.6489,1084
OpenRefine/OpenRefine,OpenRefine,OpenRefine,https://github.com/OpenRefine/OpenRefine,11788,2012-10-15T02:22:48Z,2026-03-24T14:33:08Z,4910,13.4428,2
datahub-project/datahub,datahub,datahub-project,https://github.com/datahub-project/datahub,11723,2015-11-18T05:47:40Z,2026-03-26T19:52:15Z,3781,10.3518,0
frank-lam/fullstack-tutorial,fullstack-tutorial,frank-lam,https://github.com/frank-lam/fullstack-tutorial,11698,2018-04-13T01:50:10Z,2022-12-02T03:33:19Z,2904,7.9507,1210
code4craft/webmagic,webmagic,code4craft,https://github.com/code4craft/webmagic,11696,2013-04-23T12:57:36Z,2025-12-20T14:01:57Z,4720,12.9227,96
jd-opensource/joyagent-jdgenie,joyagent-jdgenie,jd-opensource,https://github.com/jd-opensource/joyagent-jdgenie,11585,2025-07-16T02:59:53Z,2026-02-12T06:33:00Z,253,0.6927,42
newbee-ltd/newbee-mall,newbee-mall,newbee-ltd,https://github.com/newbee-ltd/newbee-mall,11540,2019-09-21T03:56:04Z,2025-10-27T10:43:30Z,2378,6.5106,150
StarRocks/starrocks,starrocks,StarRocks,https://github.com/StarRocks/starrocks,11514,2021-09-04T02:29:35Z,2026-03-26T17:15:53Z,1664,4.5558,0
realm/realm-java,realm-java,realm,https://github.com/realm/realm-java,11489,2012-04-20T09:18:42Z,2025-09-15T18:19:00Z,5088,13.9302,192
careercup/CtCI-6th-Edition,CtCI-6th-Edition,careercup,https://github.com/careercup/CtCI-6th-Edition,11478,2015-07-02T06:28:46Z,2024-08-04T15:06:57Z,3920,10.7324,599
gyf-dev/ImmersionBar,ImmersionBar,gyf-dev,https://github.com/gyf-dev/ImmersionBar,11469,2017-04-19T05:10:09Z,2022-03-25T02:26:08Z,3263,8.9336,1462
jhy/jsoup,jsoup,jhy,https://github.com/jhy/jsoup,11360,2009-12-19T01:29:58Z,2026-03-24T01:05:56Z,5941,16.2656,2
ssssssss-team/spider-flow,spider-flow,ssssssss-team,https://github.com/ssssssss-team/spider-flow,11318,2020-03-27T11:07:15Z,2023-06-14T22:27:23Z,2190,5.9959,1015
langchain4j/langchain4j,langchain4j,langchain4j,https://github.com/langchain4j/langchain4j,11316,2023-06-20T15:30:29Z,2026-03-26T18:58:29Z,1010,2.7652,0
mission-peace/interview,interview,mission-peace,https://github.com/mission-peace/interview,11309,2014-07-20T21:27:31Z,2024-07-31T18:47:32Z,4266,11.6797,603
apereo/cas,cas,apereo,https://github.com/apereo/cas,11308,2011-09-09T01:36:42Z,2026-03-26T12:26:12Z,5312,14.5435,0
permissions-dispatcher/PermissionsDispatcher,PermissionsDispatcher,permissions-dispatcher,https://github.com/permissions-dispatcher/PermissionsDispatcher,11204,2015-08-15T21:41:05Z,2023-11-10T04:44:43Z,3875,10.6092,867
daniulive/SmarterStreaming,SmarterStreaming,daniulive,https://github.com/daniulive/SmarterStreaming,11165,2016-03-26T14:46:02Z,2025-11-19T04:18:10Z,3652,9.9986,127
lingochamp/FileDownloader,FileDownloader,lingochamp,https://github.com/lingochamp/FileDownloader,11124,2015-12-22T11:17:16Z,2024-08-04T01:25:26Z,3747,10.2587,599
H07000223/FlycoTabLayout,FlycoTabLayout,H07000223,https://github.com/H07000223/FlycoTabLayout,11112,2015-11-09T01:53:19Z,2023-05-28T16:32:48Z,3790,10.3765,1033
apple/pkl,pkl,apple,https://github.com/apple/pkl,11105,2024-01-19T17:28:45Z,2026-03-26T16:41:02Z,797,2.1821,0
jwtk/jjwt,jjwt,jwtk,https://github.com/jwtk/jjwt,11054,2014-09-13T01:06:24Z,2025-10-17T14:04:05Z,4212,11.5318,160
jfeinstein10/SlidingMenu,SlidingMenu,jfeinstein10,https://github.com/jfeinstein10/SlidingMenu,11025,2012-06-30T05:14:23Z,2021-09-19T14:04:18Z,5017,13.7358,1649
androidannotations/androidannotations,androidannotations,androidannotations,https://github.com/androidannotations/androidannotations,11008,2012-01-06T08:48:03Z,2022-05-31T13:16:38Z,5193,14.2177,1395
asLody/VirtualApp,VirtualApp,asLody,https://github.com/asLody/VirtualApp,10950,2016-07-06T13:25:23Z,2026-03-15T11:49:10Z,3550,9.7194,11
square/javapoet,javapoet,square,https://github.com/square/javapoet,10859,2013-02-01T16:56:30Z,2024-10-10T21:04:58Z,4801,13.1444,531
clojure/clojure,clojure,clojure,https://github.com/clojure/clojure,10833,2010-06-29T20:03:33Z,2026-01-16T14:55:13Z,5748,15.7372,69
aosp-mirror/platform_frameworks_base,platform_frameworks_base,aosp-mirror,https://github.com/aosp-mirror/platform_frameworks_base,10823,2008-10-21T18:20:37Z,2025-11-12T05:57:50Z,6365,17.4264,134
TooTallNate/Java-WebSocket,Java-WebSocket,TooTallNate,https://github.com/TooTallNate/Java-WebSocket,10801,2010-01-20T23:33:04Z,2026-01-13T21:24:14Z,5908,16.1752,71
alibaba/vlayout,vlayout,alibaba,https://github.com/alibaba/vlayout,10761,2017-02-27T08:11:47Z,2021-07-14T04:40:34Z,3314,9.0732,1716
iflytek/astron-agent,astron-agent,iflytek,https://github.com/iflytek/astron-agent,10718,2025-09-19T08:46:01Z,2026-03-26T12:23:24Z,188,0.5147,0
zfile-dev/zfile,zfile,zfile-dev,https://github.com/zfile-dev/zfile,10713,2019-08-19T13:57:56Z,2026-02-27T01:12:28Z,2411,6.601,27
android-async-http/android-async-http,android-async-http,android-async-http,https://github.com/android-async-http/android-async-http,10622,2011-02-20T03:25:07Z,2023-04-17T14:55:24Z,5513,15.0938,1074
resilience4j/resilience4j,resilience4j,resilience4j,https://github.com/resilience4j/resilience4j,10605,2015-06-03T09:21:01Z,2026-03-16T06:50:32Z,3949,10.8118,10
jeasonlzy/okhttp-OkGo,okhttp-OkGo,jeasonlzy,https://github.com/jeasonlzy/okhttp-OkGo,10587,2016-01-15T10:35:24Z,2022-09-06T01:29:03Z,3723,10.193,1297
google/auto,auto,google,https://github.com/google/auto,10557,2013-05-22T21:41:56Z,2026-03-25T00:14:34Z,4690,12.8405,1
Activiti/Activiti,Activiti,Activiti,https://github.com/Activiti/Activiti,10522,2012-09-13T11:34:43Z,2026-03-26T14:00:16Z,4942,13.5305,0
lipangit/JiaoZiVideoPlayer,JiaoZiVideoPlayer,lipangit,https://github.com/lipangit/JiaoZiVideoPlayer,10504,2016-02-06T11:04:24Z,2020-09-14T19:02:20Z,3701,10.1328,2019
signalapp/Signal-Server,Signal-Server,signalapp,https://github.com/signalapp/Signal-Server,10458,2013-12-09T07:10:36Z,2026-03-24T21:58:40Z,4490,12.293,1
tbruyelle/RxPermissions,RxPermissions,tbruyelle,https://github.com/tbruyelle/RxPermissions,10441,2015-09-29T13:55:09Z,2022-05-11T09:47:47Z,3831,10.4887,1415
awsdocs/aws-doc-sdk-examples,aws-doc-sdk-examples,awsdocs,https://github.com/awsdocs/aws-doc-sdk-examples,10385,2016-08-18T19:06:57Z,2026-03-26T18:18:07Z,3507,9.6016,0
SonarSource/sonarqube,sonarqube,SonarSource,https://github.com/SonarSource/sonarqube,10367,2011-01-05T11:05:17Z,2026-03-25T20:15:25Z,5559,15.2197,0
JingMatrix/LSPosed,LSPosed,JingMatrix,https://github.com/JingMatrix/LSPosed,10280,2023-07-20T18:03:30Z,2026-03-26T19:28:37Z,980,2.6831,0
JessYanCoding/MVPArms,MVPArms,JessYanCoding,https://github.com/JessYanCoding/MVPArms,10275,2016-08-06T08:49:56Z,2023-03-22T06:53:43Z,3519,9.6345,1100
ZCShou/GoGoGo,GoGoGo,ZCShou,https://github.com/ZCShou/GoGoGo,10129,2021-12-03T06:59:39Z,2025-11-20T17:04:08Z,1574,4.3094,126
JakeWharton/ViewPagerIndicator,ViewPagerIndicator,JakeWharton,https://github.com/JakeWharton/ViewPagerIndicator,10086,2011-08-04T17:13:44Z,2017-11-26T17:13:46Z,5348,14.642,3042
stanfordnlp/CoreNLP,CoreNLP,stanfordnlp,https://github.com/stanfordnlp/CoreNLP,10063,2013-06-27T21:13:49Z,2026-02-10T17:29:18Z,4654,12.742,44
happydog-intj/JsBridge,JsBridge,happydog-intj,https://github.com/happydog-intj/JsBridge,9930,2015-02-26T12:10:58Z,2025-06-13T06:15:49Z,4046,11.0773,286
xuchengsheng/spring-reading,spring-reading,xuchengsheng,https://github.com/xuchengsheng/spring-reading,9928,2023-09-15T06:42:44Z,2024-07-29T06:13:59Z,923,2.527,605
wasabeef/glide-transformations,glide-transformations,wasabeef,https://github.com/wasabeef/glide-transformations,9911,2015-01-09T10:33:29Z,2022-03-08T16:07:21Z,4094,11.2088,1479
googlesamples/easypermissions,easypermissions,googlesamples,https://github.com/googlesamples/easypermissions,9899,2015-12-22T18:05:53Z,2023-08-01T18:11:12Z,3747,10.2587,968
paascloud/paascloud-master,paascloud-master,paascloud,https://github.com/paascloud/paascloud-master,9886,2018-03-17T05:40:43Z,2023-10-09T02:24:04Z,2931,8.0246,899
hackware1993/MagicIndicator,MagicIndicator,hackware1993,https://github.com/hackware1993/MagicIndicator,9812,2016-06-26T08:20:43Z,2024-12-07T07:46:58Z,3560,9.7467,474
OpenFeign/feign,feign,OpenFeign,https://github.com/OpenFeign/feign,9787,2013-06-26T23:28:16Z,2026-03-26T05:27:49Z,4655,12.7447,0
HarlonWang/AVLoadingIndicatorView,AVLoadingIndicatorView,HarlonWang,https://github.com/HarlonWang/AVLoadingIndicatorView,9779,2015-10-24T20:18:33Z,2023-04-06T06:05:06Z,3805,10.4175,1085
lihengming/spring-boot-api-project-seed,spring-boot-api-project-seed,lihengming,https://github.com/lihengming/spring-boot-api-project-seed,9715,2017-06-23T10:06:30Z,2023-12-17T23:35:07Z,3198,8.7556,829
spinnaker/spinnaker,spinnaker,spinnaker,https://github.com/spinnaker/spinnaker,9708,2014-07-02T19:02:36Z,2026-03-26T03:03:43Z,4285,11.7317,0
YoKeyword/Fragmentation,Fragmentation,YoKeyword,https://github.com/YoKeyword/Fragmentation,9706,2016-02-23T08:54:55Z,2024-05-30T13:05:05Z,3684,10.0862,665
apache/cassandra,cassandra,apache,https://github.com/apache/cassandra,9677,2009-05-21T02:10:09Z,2026-03-24T22:14:30Z,6153,16.846,1
perwendel/spark,spark,perwendel,https://github.com/perwendel/spark,9665,2011-05-05T11:52:05Z,2023-10-08T09:20:37Z,5439,14.8912,900
koral--/android-gif-drawable,android-gif-drawable,koral--,https://github.com/koral--/android-gif-drawable,9661,2013-01-30T01:37:46Z,2026-02-12T12:53:38Z,4803,13.1499,42
react-native-camera/react-native-camera,react-native-camera,react-native-camera,https://github.com/react-native-camera/react-native-camera,9648,2015-04-01T00:54:40Z,2023-06-07T10:03:10Z,4012,10.9843,1023
AutoMQ/automq,automq,AutoMQ,https://github.com/AutoMQ/automq,9627,2023-08-17T07:50:13Z,2026-03-24T20:07:39Z,952,2.6064,1
ksoichiro/Android-ObservableScrollView,Android-ObservableScrollView,ksoichiro,https://github.com/ksoichiro/Android-ObservableScrollView,9626,2014-11-08T14:45:20Z,2021-06-01T03:54:51Z,4156,11.3785,1759
flyway/flyway,flyway,flyway,https://github.com/flyway/flyway,9623,2012-12-14T18:43:22Z,2026-03-26T11:24:26Z,4850,13.2786,0
bilibili/DanmakuFlameMaster,DanmakuFlameMaster,bilibili,https://github.com/bilibili/DanmakuFlameMaster,9613,2013-08-11T12:18:50Z,2020-02-27T08:51:28Z,4610,12.6215,2219
opendataloader-project/opendataloader-pdf,opendataloader-pdf,opendataloader-project,https://github.com/opendataloader-project/opendataloader-pdf,9604,2025-05-13T05:48:02Z,2026-03-26T10:07:58Z,317,0.8679,0
seven332/EhViewer,EhViewer,seven332,https://github.com/seven332/EhViewer,9550,2014-05-14T12:03:52Z,2019-08-09T04:50:17Z,4334,11.8658,2421
MyCATApache/Mycat-Server,Mycat-Server,MyCATApache,https://github.com/MyCATApache/Mycat-Server,9544,2014-12-04T02:46:54Z,2024-01-15T06:17:13Z,4130,11.3073,801
liaohuqiu/android-Ultra-Pull-To-Refresh,android-Ultra-Pull-To-Refresh,liaohuqiu,https://github.com/liaohuqiu/android-Ultra-Pull-To-Refresh,9531,2014-11-13T03:13:10Z,2023-05-28T15:12:24Z,4151,11.3648,1033
crossoverJie/cim,cim,crossoverJie,https://github.com/crossoverJie/cim,9489,2018-05-20T15:55:56Z,2026-03-10T09:19:33Z,2867,7.8494,16
umano/AndroidSlidingUpPanel,AndroidSlidingUpPanel,umano,https://github.com/umano/AndroidSlidingUpPanel,9484,2013-05-31T18:33:53Z,2022-07-21T00:21:03Z,4682,12.8186,1344
spring-projects/spring-security,spring-security,spring-projects,https://github.com/spring-projects/spring-security,9476,2012-01-10T21:50:57Z,2026-03-26T03:05:21Z,5188,14.204,0
Justson/AgentWeb,AgentWeb,Justson,https://github.com/Justson/AgentWeb,9411,2017-05-12T07:45:56Z,2023-12-09T10:30:43Z,3240,8.8706,838
json-path/JsonPath,JsonPath,json-path,https://github.com/json-path/JsonPath,9394,2011-01-24T13:19:19Z,2026-02-22T18:39:33Z,5540,15.1677,32
pockethub/PocketHub,PocketHub,pockethub,https://github.com/pockethub/PocketHub,9381,2011-09-08T16:52:50Z,2023-06-06T08:03:11Z,5313,14.5462,1024
huanghaibin-dev/CalendarView,CalendarView,huanghaibin-dev,https://github.com/huanghaibin-dev/CalendarView,9370,2017-03-11T07:16:09Z,2025-12-04T03:09:32Z,3302,9.0404,112
GcsSloop/AndroidNote,AndroidNote,GcsSloop,https://github.com/GcsSloop/AndroidNote,9340,2016-01-04T23:51:36Z,2024-03-18T08:17:39Z,3733,10.2204,738
android/testing-samples,testing-samples,android,https://github.com/android/testing-samples,9302,2014-10-11T03:51:27Z,2025-07-18T16:19:23Z,4184,11.4552,251
apache/jmeter,jmeter,apache,https://github.com/apache/jmeter,9289,2010-05-26T23:38:07Z,2026-03-25T18:11:02Z,5782,15.8303,1
apache/seatunnel,seatunnel,apache,https://github.com/apache/seatunnel,9202,2017-08-05T09:14:47Z,2026-03-26T19:34:24Z,3155,8.6379,0
cats-oss/android-gpuimage,android-gpuimage,cats-oss,https://github.com/cats-oss/android-gpuimage,9158,2012-10-04T08:11:58Z,2022-08-03T16:07:30Z,4921,13.473,1331
flowable/flowable-engine,flowable-engine,flowable,https://github.com/flowable/flowable-engine,9148,2016-10-13T07:21:43Z,2026-03-25T20:16:28Z,3451,9.4483,0
didi/VirtualAPK,VirtualAPK,didi,https://github.com/didi/VirtualAPK,9066,2017-06-29T07:25:05Z,2023-07-13T22:06:36Z,3192,8.7392,986
HMCL-dev/HMCL,HMCL,HMCL-dev,https://github.com/HMCL-dev/HMCL,9010,2015-06-22T08:06:03Z,2026-03-26T13:26:18Z,3930,10.7598,0
alibaba/spring-ai-alibaba,spring-ai-alibaba,alibaba,https://github.com/alibaba/spring-ai-alibaba,8954,2024-09-09T01:35:50Z,2026-03-21T14:49:14Z,563,1.5414,5
KunMinX/Jetpack-MVVM-Best-Practice,Jetpack-MVVM-Best-Practice,KunMinX,https://github.com/KunMinX/Jetpack-MVVM-Best-Practice,8951,2019-10-31T05:21:01Z,2024-02-07T21:55:33Z,2338,6.4011,777
navasmdc/MaterialDesignLibrary,MaterialDesignLibrary,navasmdc,https://github.com/navasmdc/MaterialDesignLibrary,8944,2014-09-30T07:37:17Z,2023-05-28T17:32:11Z,4195,11.4853,1033
Freelander/Android_Data,Android_Data,Freelander,https://github.com/Freelander/Android_Data,8917,2015-04-04T01:37:44Z,2024-01-15T03:03:28Z,4009,10.976,801
LSPosed/LSPatch,LSPatch,LSPosed,https://github.com/LSPosed/LSPatch,8913,2021-03-01T19:38:36Z,2023-12-13T04:54:49Z,1851,5.0678,834
java-native-access/jna,jna,java-native-access,https://github.com/java-native-access/jna,8909,2011-04-29T13:30:29Z,2026-01-01T19:02:37Z,5445,14.9076,84
checkstyle/checkstyle,checkstyle,checkstyle,https://github.com/checkstyle/checkstyle,8903,2013-08-31T02:05:05Z,2026-03-26T19:37:32Z,4590,12.5667,0
frohoff/ysoserial,ysoserial,frohoff,https://github.com/frohoff/ysoserial,8826,2015-01-28T07:13:55Z,2025-12-04T04:07:31Z,4075,11.1567,112
karatelabs/karate,karate,karatelabs,https://github.com/karatelabs/karate,8814,2017-02-07T15:59:17Z,2026-03-26T09:39:09Z,3334,9.128,0
PojavLauncherTeam/PojavLauncher,PojavLauncher,PojavLauncherTeam,https://github.com/PojavLauncherTeam/PojavLauncher,8804,2020-03-11T03:22:54Z,2025-09-23T20:12:28Z,2206,6.0397,183
nathanmarz/storm,storm,nathanmarz,https://github.com/nathanmarz/storm,8789,2011-09-17T07:55:13Z,2017-08-16T04:24:20Z,5304,14.5216,3144
apache/shenyu,shenyu,apache,https://github.com/apache/shenyu,8785,2018-07-11T08:17:45Z,2026-03-09T18:22:03Z,2815,7.707,17
laobie/StatusBarUtil,StatusBarUtil,laobie,https://github.com/laobie/StatusBarUtil,8771,2016-02-15T03:06:06Z,2022-06-24T09:55:37Z,3692,10.1081,1371
cabaletta/baritone,baritone,cabaletta,https://github.com/cabaletta/baritone,8758,2018-08-01T15:34:21Z,2026-02-09T20:44:21Z,2794,7.6496,44
Blankj/awesome-java-leetcode,awesome-java-leetcode,Blankj,https://github.com/Blankj/awesome-java-leetcode,8737,2017-04-17T15:51:41Z,2020-12-10T15:20:21Z,3265,8.9391,1932
apache/iceberg,iceberg,apache,https://github.com/apache/iceberg,8667,2018-11-19T16:26:46Z,2026-03-26T15:44:20Z,2684,7.3484,0
chrisbanes/Android-PullToRefresh,Android-PullToRefresh,chrisbanes,https://github.com/chrisbanes/Android-PullToRefresh,8665,2011-11-29T09:59:56Z,2017-10-13T08:40:58Z,5231,14.3217,3086
ybq/Android-SpinKit,Android-SpinKit,ybq,https://github.com/ybq/Android-SpinKit,8653,2016-03-20T08:40:51Z,2023-05-28T14:27:04Z,3658,10.0151,1033
amitshekhariitbhu/Android-Debug-Database,Android-Debug-Database,amitshekhariitbhu,https://github.com/amitshekhariitbhu/Android-Debug-Database,8645,2016-11-16T14:20:24Z,2026-02-05T09:09:32Z,3417,9.3552,49
react-native-image-picker/react-native-image-picker,react-native-image-picker,react-native-image-picker,https://github.com/react-native-image-picker/react-native-image-picker,8637,2015-06-08T20:25:31Z,2026-03-17T06:44:06Z,3943,10.7953,9
shwenzhang/AndResGuard,AndResGuard,shwenzhang,https://github.com/shwenzhang/AndResGuard,8634,2015-10-11T11:48:06Z,2023-10-20T04:14:07Z,3819,10.4559,888
testcontainers/testcontainers-java,testcontainers-java,testcontainers,https://github.com/testcontainers/testcontainers-java,8616,2015-04-12T12:44:59Z,2026-03-25T22:56:01Z,4001,10.9541,0
dropwizard/dropwizard,dropwizard,dropwizard,https://github.com/dropwizard/dropwizard,8603,2011-01-19T19:52:29Z,2026-03-26T17:53:22Z,5545,15.1814,0
airbnb/epoxy,epoxy,airbnb,https://github.com/airbnb/epoxy,8571,2016-08-08T23:05:11Z,2026-01-23T23:35:25Z,3516,9.6263,61
facebook/buck,buck,facebook,https://github.com/facebook/buck,8562,2013-04-17T18:12:18Z,2023-10-25T02:45:11Z,4726,12.9391,883
google/tsunami-security-scanner,tsunami-security-scanner,google,https://github.com/google/tsunami-security-scanner,8557,2020-06-03T16:20:00Z,2026-03-26T17:40:03Z,2122,5.8097,0
junit-team/junit4,junit4,junit-team,https://github.com/junit-team/junit4,8554,2009-01-13T03:41:26Z,2025-11-26T13:17:22Z,6281,17.1964,120
chrisjenx/Calligraphy,Calligraphy,chrisjenx,https://github.com/chrisjenx/Calligraphy,8545,2013-12-20T02:35:45Z,2024-04-21T20:12:01Z,4479,12.2628,703
aeron-io/aeron,aeron,aeron-io,https://github.com/aeron-io/aeron,8532,2014-02-07T17:16:58Z,2026-03-26T13:46:48Z,4430,12.1287,0
apache/beam,beam,apache,https://github.com/apache/beam,8527,2016-02-02T08:00:06Z,2026-03-26T18:54:09Z,3705,10.1437,0
wildfirechat/im-server,im-server,wildfirechat,https://github.com/wildfirechat/im-server,8463,2019-01-23T15:21:28Z,2026-03-25T02:13:10Z,2619,7.1704,1
DImuthuUpe/AndroidPdfViewer,AndroidPdfViewer,DImuthuUpe,https://github.com/DImuthuUpe/AndroidPdfViewer,8463,2016-06-02T20:21:21Z,2025-11-07T20:50:40Z,3583,9.8097,138
hs-web/hsweb-framework,hsweb-framework,hs-web,https://github.com/hs-web/hsweb-framework,8405,2016-01-18T03:51:39Z,2026-03-26T08:24:15Z,3720,10.1848,0
roughike/BottomBar,BottomBar,roughike,https://github.com/roughike/BottomBar,8386,2016-03-16T01:31:05Z,2021-09-16T11:19:06Z,3662,10.026,1652
pentaho/pentaho-kettle,pentaho-kettle,pentaho,https://github.com/pentaho/pentaho-kettle,8325,2013-10-08T18:27:11Z,2026-03-26T15:04:31Z,4552,12.4627,0
spring-projects/spring-ai,spring-ai,spring-projects,https://github.com/spring-projects/spring-ai,8312,2023-06-27T18:57:29Z,2026-03-26T14:37:03Z,1003,2.7461,0
bytedeco/javacv,javacv,bytedeco,https://github.com/bytedeco/javacv,8305,2014-04-21T13:50:26Z,2026-02-26T05:30:11Z,4357,11.9288,28
alibaba/transmittable-thread-local,transmittable-thread-local,alibaba,https://github.com/alibaba/transmittable-thread-local,8271,2013-10-13T08:48:33Z,2025-12-02T01:17:23Z,4547,12.449,114
aritraroy/UltimateAndroidReference,UltimateAndroidReference,aritraroy,https://github.com/aritraroy/UltimateAndroidReference,8261,2017-04-10T07:28:27Z,2024-07-18T10:43:57Z,3272,8.9582,616
apache/shardingsphere-elasticjob,shardingsphere-elasticjob,apache,https://github.com/apache/shardingsphere-elasticjob,8221,2015-09-11T11:28:52Z,2026-03-10T11:40:44Z,3849,10.538,16
krahets/LeetCode-Book,LeetCode-Book,krahets,https://github.com/krahets/LeetCode-Book,8191,2021-12-17T14:16:02Z,2025-12-30T12:39:35Z,1560,4.271,86
alibaba/atlas,atlas,alibaba,https://github.com/alibaba/atlas,8170,2017-02-28T06:31:43Z,2022-01-27T14:31:30Z,3313,9.0705,1519
alibaba/otter,otter,alibaba,https://github.com/alibaba/otter,8133,2013-08-09T09:31:22Z,2024-05-25T10:39:10Z,4612,12.627,670
apache/tomcat,tomcat,apache,https://github.com/apache/tomcat,8129,2011-10-01T07:00:19Z,2026-03-24T14:48:33Z,5290,14.4832,2
florent37/MaterialViewPager,MaterialViewPager,florent37,https://github.com/florent37/MaterialViewPager,8106,2015-04-24T17:53:15Z,2018-10-12T01:11:20Z,3989,10.9213,2722
guolindev/LitePal,LitePal,guolindev,https://github.com/guolindev/LitePal,8084,2013-02-20T03:20:07Z,2022-08-19T08:29:56Z,4782,13.0924,1315
LaurieWired/GhidraMCP,GhidraMCP,LaurieWired,https://github.com/LaurieWired/GhidraMCP,8053,2025-03-23T05:36:55Z,2025-06-23T04:18:18Z,368,1.0075,276
junixapp/XPopup,XPopup,junixapp,https://github.com/junixapp/XPopup,8023,2018-12-07T06:16:48Z,2025-02-01T03:21:47Z,2666,7.2991,418
davemorrissey/subsampling-scale-image-view,subsampling-scale-image-view,davemorrissey,https://github.com/davemorrissey/subsampling-scale-image-view,8009,2013-08-26T16:45:25Z,2024-04-22T02:45:16Z,4595,12.5804,703
Graylog2/graylog2-server,graylog2-server,Graylog2,https://github.com/Graylog2/graylog2-server,7987,2010-05-17T21:27:02Z,2026-03-26T17:20:00Z,5791,15.8549,0
gunnarmorling/1brc,1brc,gunnarmorling,https://github.com/gunnarmorling/1brc,7987,2023-12-28T09:13:24Z,2024-08-20T15:15:15Z,819,2.2423,583
Netflix/SimianArmy,SimianArmy,Netflix,https://github.com/Netflix/SimianArmy,7983,2012-07-06T22:00:05Z,2018-12-18T09:29:22Z,5010,13.7166,2655
JakeWharton/hugo,hugo,JakeWharton,https://github.com/JakeWharton/hugo,7913,2013-11-25T09:16:40Z,2022-01-05T11:19:51Z,4504,12.3313,1541
jeecgboot/jimureport,jimureport,jeecgboot,https://github.com/jeecgboot/jimureport,7892,2019-12-05T12:25:59Z,2026-03-22T03:01:49Z,2303,6.3053,4
dropwizard/metrics,metrics,dropwizard,https://github.com/dropwizard/metrics,7851,2010-02-26T19:44:42Z,2026-03-23T05:45:48Z,5872,16.0767,3
exadel-inc/CompreFace,CompreFace,exadel-inc,https://github.com/exadel-inc/CompreFace,7851,2020-07-06T08:29:43Z,2024-10-05T10:45:30Z,2089,5.7194,537
HannahMitt/HomeMirror,HomeMirror,HannahMitt,https://github.com/HannahMitt/HomeMirror,7831,2015-08-23T03:20:08Z,2023-05-28T16:33:49Z,3868,10.59,1033
lecho/hellocharts-android,hellocharts-android,lecho,https://github.com/lecho/hellocharts-android,7795,2014-10-12T09:12:37Z,2021-06-01T03:12:09Z,4183,11.4524,1759
ChrisRM/material-theme-jetbrains,material-theme-jetbrains,ChrisRM,https://github.com/ChrisRM/material-theme-jetbrains,7767,2015-09-23T07:15:04Z,2022-01-26T21:43:17Z,3837,10.5051,1519
AntennaPod/AntennaPod,AntennaPod,AntennaPod,https://github.com/AntennaPod/AntennaPod,7754,2012-07-31T10:25:08Z,2026-03-24T22:26:40Z,4986,13.6509,1
Tencent/Shadow,Shadow,Tencent,https://github.com/Tencent/Shadow,7743,2019-06-13T10:50:27Z,2026-03-23T21:01:46Z,2478,6.7844,2
PowerJob/PowerJob,PowerJob,PowerJob,https://github.com/PowerJob/PowerJob,7717,2020-03-16T09:19:55Z,2026-03-07T04:58:29Z,2201,6.026,19
goldze/MVVMHabit,MVVMHabit,goldze,https://github.com/goldze/MVVMHabit,7709,2017-07-21T10:38:40Z,2022-08-11T09:18:55Z,3170,8.679,1323
MuntashirAkon/AppManager,AppManager,MuntashirAkon,https://github.com/MuntashirAkon/AppManager,7694,2020-05-30T04:08:56Z,2026-03-07T00:19:52Z,2126,5.8207,19
trello-archive/RxLifecycle,RxLifecycle,trello-archive,https://github.com/trello-archive/RxLifecycle,7670,2015-07-20T13:32:23Z,2023-03-23T15:41:20Z,3902,10.6831,1099
vipshop/vjtools,vjtools,vipshop,https://github.com/vipshop/vjtools,7657,2018-05-29T09:07:08Z,2023-09-06T13:34:00Z,2858,7.8248,932
mapstruct/mapstruct,mapstruct,mapstruct,https://github.com/mapstruct/mapstruct,7632,2012-05-28T12:42:42Z,2026-03-23T22:39:42Z,5050,13.8261,2
FongMi/TV,TV,FongMi,https://github.com/FongMi/TV,7629,2022-06-22T09:10:23Z,2026-03-26T17:34:13Z,1373,3.7591,0
gedoor/MyBookshelf,MyBookshelf,gedoor,https://github.com/gedoor/MyBookshelf,7624,2018-06-12T03:48:07Z,2022-04-01T02:57:15Z,2844,7.7864,1455
google/android-classyshark,android-classyshark,google,https://github.com/google/android-classyshark,7597,2015-10-12T13:40:48Z,2023-05-19T10:01:03Z,3818,10.4531,1042
MinecraftForge/MinecraftForge,MinecraftForge,MinecraftForge,https://github.com/MinecraftForge/MinecraftForge,7564,2012-01-30T01:35:01Z,2026-03-26T01:35:05Z,5169,14.152,0
koush/AndroidAsync,AndroidAsync,koush,https://github.com/koush/AndroidAsync,7550,2012-08-24T07:27:04Z,2022-11-23T15:20:07Z,4962,13.5852,1219
kaushikgopal/RxJava-Android-Samples,RxJava-Android-Samples,kaushikgopal,https://github.com/kaushikgopal/RxJava-Android-Samples,7527,2014-07-23T05:13:52Z,2023-08-08T02:18:57Z,4264,11.6742,961
kevin-wayne/algs4,algs4,kevin-wayne,https://github.com/kevin-wayne/algs4,7524,2015-08-31T09:28:49Z,2026-01-10T12:53:55Z,3860,10.5681,75
swagger-api/swagger-core,swagger-core,swagger-api,https://github.com/swagger-api/swagger-core,7522,2011-07-05T23:44:11Z,2026-03-26T17:35:34Z,5377,14.7214,0
Genymobile/gnirehtet,gnirehtet,Genymobile,https://github.com/Genymobile/gnirehtet,7503,2017-02-09T16:01:13Z,2024-08-11T05:17:19Z,3332,9.1225,592
yuanguangxin/LeetCode,LeetCode,yuanguangxin,https://github.com/yuanguangxin/LeetCode,7492,2020-01-11T01:02:02Z,2025-06-07T10:03:55Z,2266,6.204,292
dependency-check/DependencyCheck,DependencyCheck,dependency-check,https://github.com/dependency-check/DependencyCheck,7466,2012-09-03T20:43:30Z,2026-03-26T09:09:05Z,4951,13.5551,0
enso-org/enso,enso,enso-org,https://github.com/enso-org/enso,7437,2016-12-16T17:23:37Z,2026-03-26T19:52:45Z,3387,9.2731,0
lenve/VBlog,VBlog,lenve,https://github.com/lenve/VBlog,7433,2017-12-26T11:01:55Z,2023-05-28T15:31:22Z,3012,8.2464,1033
dyc87112/SpringCloud-Learning,SpringCloud-Learning,dyc87112,https://github.com/dyc87112/SpringCloud-Learning,7395,2016-08-21T03:39:52Z,2023-02-22T07:00:15Z,3504,9.5934,1128
abel533/Mapper,Mapper,abel533,https://github.com/abel533/Mapper,7386,2014-11-21T11:02:10Z,2026-03-24T12:17:16Z,4143,11.3429,2
gocd/gocd,gocd,gocd,https://github.com/gocd/gocd,7383,2013-12-13T05:26:16Z,2026-03-26T17:46:28Z,4486,12.282,0
iflytek/astron-rpa,astron-rpa,iflytek,https://github.com/iflytek/astron-rpa,7375,2025-09-20T08:51:40Z,2026-03-26T11:08:07Z,187,0.512,0
Qihoo360/RePlugin,RePlugin,Qihoo360,https://github.com/Qihoo360/RePlugin,7349,2017-06-08T09:39:09Z,2025-09-16T07:26:17Z,3213,8.7967,191
leolin310148/ShortcutBadger,ShortcutBadger,leolin310148,https://github.com/leolin310148/ShortcutBadger,7341,2013-11-15T12:51:52Z,2023-09-14T17:38:02Z,4514,12.3587,924
square/dagger,dagger,square,https://github.com/square/dagger,7310,2012-08-02T23:25:32Z,2021-08-26T11:07:52Z,4983,13.6427,1673
Bearded-Hen/Android-Bootstrap,Android-Bootstrap,Bearded-Hen,https://github.com/Bearded-Hen/Android-Bootstrap,7255,2013-11-01T15:36:17Z,2021-09-02T06:14:15Z,4528,12.397,1666
zhongyi-tong/WeChatLuckyMoney,WeChatLuckyMoney,zhongyi-tong,https://github.com/zhongyi-tong/WeChatLuckyMoney,7245,2015-09-30T16:11:20Z,2019-01-25T02:02:51Z,3830,10.486,2617
Exrick/xmall,xmall,Exrick,https://github.com/Exrick/xmall,7245,2017-07-28T01:49:49Z,2022-12-16T08:55:14Z,3163,8.6598,1196
crazycodeboy/TakePhoto,TakePhoto,crazycodeboy,https://github.com/crazycodeboy/TakePhoto,7238,2015-08-04T02:05:32Z,2019-08-26T09:42:27Z,3887,10.642,2404
pedant/sweet-alert-dialog,sweet-alert-dialog,pedant,https://github.com/pedant/sweet-alert-dialog,7232,2014-10-19T09:24:09Z,2021-08-31T11:15:13Z,4176,11.4333,1668
NanoHttpd/nanohttpd,nanohttpd,NanoHttpd,https://github.com/NanoHttpd/nanohttpd,7213,2012-08-10T21:52:42Z,2023-07-25T06:59:07Z,4975,13.6208,975
cymcsg/UltimateRecyclerView,UltimateRecyclerView,cymcsg,https://github.com/cymcsg/UltimateRecyclerView,7195,2015-01-28T02:27:45Z,2026-02-27T06:53:21Z,4075,11.1567,27
wiremock/wiremock,wiremock,wiremock,https://github.com/wiremock/wiremock,7179,2011-10-09T20:27:24Z,2026-03-26T14:56:38Z,5281,14.4586,0
didi/KnowStreaming,KnowStreaming,didi,https://github.com/didi/KnowStreaming,7178,2020-03-19T05:13:51Z,2026-02-11T11:54:06Z,2198,6.0178,43
Alluxio/alluxio,alluxio,Alluxio,https://github.com/Alluxio/alluxio,7173,2012-12-21T17:43:46Z,2025-04-29T16:46:58Z,4843,13.2594,331
google/error-prone,error-prone,google,https://github.com/google/error-prone,7150,2014-08-21T23:26:50Z,2026-03-26T17:10:27Z,4234,11.5921,0
apache/hertzbeat,hertzbeat,apache,https://github.com/apache/hertzbeat,7139,2022-02-04T14:48:56Z,2026-03-25T15:24:07Z,1511,4.1369,1
google/agera,agera,google,https://github.com/google/agera,7134,2015-12-17T13:22:58Z,2022-01-13T14:58:57Z,3752,10.2724,1533
rest-assured/rest-assured,rest-assured,rest-assured,https://github.com/rest-assured/rest-assured,7126,2010-10-21T08:35:43Z,2026-02-04T07:20:31Z,5635,15.4278,50
h2pl/JavaTutorial,JavaTutorial,h2pl,https://github.com/h2pl/JavaTutorial,7120,2018-05-01T15:57:21Z,2025-05-20T10:36:59Z,2886,7.9014,310
traccar/traccar,traccar,traccar,https://github.com/traccar/traccar,7117,2012-04-16T08:33:49Z,2026-03-26T14:41:20Z,5092,13.9411,0
ogaclejapan/SmartTabLayout,SmartTabLayout,ogaclejapan,https://github.com/ogaclejapan/SmartTabLayout,7084,2015-02-14T11:25:51Z,2020-06-03T06:02:33Z,4058,11.1102,2122
JakeWharton/ActionBarSherlock,ActionBarSherlock,JakeWharton,https://github.com/JakeWharton/ActionBarSherlock,7072,2011-03-07T17:28:54Z,2015-12-17T17:54:50Z,5498,15.0527,3752
CoderLeixiaoshuai/java-eight-part,java-eight-part,CoderLeixiaoshuai,https://github.com/CoderLeixiaoshuai/java-eight-part,7066,2020-10-16T16:27:04Z,2023-11-28T07:14:21Z,1987,5.4401,849
Col-E/Recaf,Recaf,Col-E,https://github.com/Col-E/Recaf,7065,2017-07-27T06:01:10Z,2026-03-16T06:24:05Z,3164,8.6626,10
naman14/Timber,Timber,naman14,https://github.com/naman14/Timber,7051,2015-06-12T16:43:55Z,2023-04-28T07:13:46Z,3940,10.7871,1063
mrniko/netty-socketio,netty-socketio,mrniko,https://github.com/mrniko/netty-socketio,7025,2012-01-12T11:43:49Z,2026-02-04T08:09:21Z,5187,14.2012,50
NLPchina/elasticsearch-sql,elasticsearch-sql,NLPchina,https://github.com/NLPchina/elasticsearch-sql,7024,2014-08-24T14:26:31Z,2026-02-21T09:05:19Z,4232,11.5866,33
junit-team/junit-framework,junit-framework,junit-team,https://github.com/junit-team/junit-framework,6993,2015-01-11T19:06:10Z,2026-03-26T16:29:12Z,4092,11.2033,0
DroidPluginTeam/DroidPlugin,DroidPlugin,DroidPluginTeam,https://github.com/DroidPluginTeam/DroidPlugin,6976,2015-08-27T11:14:57Z,2024-06-06T02:32:38Z,3864,10.5791,658
alibaba/jvm-sandbox,jvm-sandbox,alibaba,https://github.com/alibaba/jvm-sandbox,6959,2017-08-03T02:55:31Z,2025-12-05T07:08:08Z,3157,8.6434,111
logisim-evolution/logisim-evolution,logisim-evolution,logisim-evolution,https://github.com/logisim-evolution/logisim-evolution,6918,2014-09-19T05:23:24Z,2026-03-24T12:09:34Z,4206,11.5154,2
macrozheng/springcloud-learning,springcloud-learning,macrozheng,https://github.com/macrozheng/springcloud-learning,6915,2019-09-07T02:36:16Z,2024-08-08T06:08:57Z,2392,6.5489,595
rabbitmq/rabbitmq-tutorials,rabbitmq-tutorials,rabbitmq,https://github.com/rabbitmq/rabbitmq-tutorials,6874,2010-09-21T11:41:26Z,2026-03-26T18:22:02Z,5665,15.5099,0
smuyyh/BookReader,BookReader,smuyyh,https://github.com/smuyyh/BookReader,6873,2016-08-03T05:17:27Z,2023-04-24T05:36:16Z,3522,9.6427,1067
Meituan-Dianping/walle,walle,Meituan-Dianping,https://github.com/Meituan-Dianping/walle,6866,2017-01-10T03:39:25Z,2024-05-30T09:26:19Z,3362,9.2047,665
getActivity/AndroidProject,AndroidProject,getActivity,https://github.com/getActivity/AndroidProject,6865,2018-10-23T10:30:55Z,2026-02-07T12:41:12Z,2711,7.4223,47
hongyangAndroid/okhttputils,okhttputils,hongyangAndroid,https://github.com/hongyangAndroid/okhttputils,6857,2015-08-17T14:53:29Z,2022-10-12T06:21:59Z,3874,10.6064,1261
vespa-engine/vespa,vespa,vespa-engine,https://github.com/vespa-engine/vespa,6834,2016-06-03T20:54:20Z,2026-03-26T16:46:46Z,3582,9.807,0
guardianproject/haven,haven,guardianproject,https://github.com/guardianproject/haven,6798,2017-03-01T03:20:03Z,2022-10-26T22:43:24Z,3312,9.0678,1246
zo0r/react-native-push-notification,react-native-push-notification,zo0r,https://github.com/zo0r/react-native-push-notification,6791,2015-12-14T19:53:36Z,2024-01-30T05:26:00Z,3755,10.2806,786
raphw/byte-buddy,byte-buddy,raphw,https://github.com/raphw/byte-buddy,6788,2013-11-25T19:38:03Z,2026-03-17T19:53:36Z,4504,12.3313,9
Angel-ML/angel,angel,Angel-ML,https://github.com/Angel-ML/angel,6787,2017-04-25T05:57:43Z,2025-10-13T06:51:40Z,3257,8.9172,164
fuzhengwei/itstack-demo-design,itstack-demo-design,fuzhengwei,https://github.com/fuzhengwei/itstack-demo-design,6780,2020-05-20T13:45:30Z,2024-05-10T10:05:58Z,2136,5.848,685
527515025/springBoot,springBoot,527515025,https://github.com/527515025/springBoot,6773,2016-11-07T02:13:31Z,2024-01-27T09:59:46Z,3426,9.3799,789
gzu-liyujiang/AndroidPicker,AndroidPicker,gzu-liyujiang,https://github.com/gzu-liyujiang/AndroidPicker,6772,2015-10-21T14:21:16Z,2026-03-21T15:39:07Z,3809,10.4285,5
CeuiLiSA/Pixiv-Shaft,Pixiv-Shaft,CeuiLiSA,https://github.com/CeuiLiSA/Pixiv-Shaft,6767,2019-04-01T09:59:09Z,2026-03-26T07:21:04Z,2551,6.9843,0
Meituan-Dianping/Leaf,Leaf,Meituan-Dianping,https://github.com/Meituan-Dianping/Leaf,6736,2018-12-11T07:41:35Z,2023-07-18T10:13:29Z,2662,7.2882,982
648540858/wvp-GB28181-pro,wvp-GB28181-pro,648540858,https://github.com/648540858/wvp-GB28181-pro,6734,2020-11-14T14:16:37Z,2026-03-19T08:41:36Z,1958,5.3607,7
markzhai/AndroidPerformanceMonitor,AndroidPerformanceMonitor,markzhai,https://github.com/markzhai/AndroidPerformanceMonitor,6733,2016-01-17T05:23:22Z,2023-07-15T06:37:52Z,3721,10.1875,985
quartz-scheduler/quartz,quartz,quartz-scheduler,https://github.com/quartz-scheduler/quartz,6709,2016-03-07T14:05:37Z,2026-03-20T01:43:34Z,3671,10.0507,6
zouzg/mybatis-generator-gui,mybatis-generator-gui,zouzg,https://github.com/zouzg/mybatis-generator-gui,6708,2016-05-08T22:39:39Z,2024-07-09T08:13:22Z,3608,9.8782,625
getActivity/XXPermissions,XXPermissions,getActivity,https://github.com/getActivity/XXPermissions,6708,2018-06-15T14:31:29Z,2025-11-29T15:24:46Z,2841,7.7782,117
hongyangAndroid/AndroidAutoLayout,AndroidAutoLayout,hongyangAndroid,https://github.com/hongyangAndroid/AndroidAutoLayout,6691,2015-11-19T02:09:11Z,2018-11-26T13:24:38Z,3780,10.3491,2677
jOOQ/jOOQ,jOOQ,jOOQ,https://github.com/jOOQ/jOOQ,6685,2011-04-17T10:43:33Z,2026-03-26T12:48:46Z,5457,14.9405,0
Suwayomi/Suwayomi-Server,Suwayomi-Server,Suwayomi,https://github.com/Suwayomi/Suwayomi-Server,6684,2020-12-23T20:31:38Z,2026-03-20T22:07:49Z,1918,5.2512,5
apache/storm,storm,apache,https://github.com/apache/storm,6676,2013-11-05T08:00:14Z,2026-03-26T10:34:49Z,4524,12.386,0
yanzhenjie/AndPermission,AndPermission,yanzhenjie,https://github.com/yanzhenjie/AndPermission,6647,2016-09-11T05:17:34Z,2024-01-04T06:43:43Z,3483,9.5359,812
JesusFreke/smali,smali,JesusFreke,https://github.com/JesusFreke/smali,6615,2012-09-23T19:51:16Z,2024-01-17T22:59:22Z,4932,13.5031,798
apache/zeppelin,zeppelin,apache,https://github.com/apache/zeppelin,6607,2015-03-25T07:00:06Z,2026-03-26T14:56:53Z,4019,11.0034,0
hazelcast/hazelcast,hazelcast,hazelcast,https://github.com/hazelcast/hazelcast,6605,2012-03-21T12:25:18Z,2026-03-26T16:58:16Z,5118,14.0123,0
pig-mesh/pig,pig,pig-mesh,https://github.com/pig-mesh/pig,6600,2019-08-26T03:24:53Z,2026-03-26T14:23:15Z,2404,6.5818,0
GrenderG/Toasty,Toasty,GrenderG,https://github.com/GrenderG/Toasty,6594,2017-01-18T18:52:41Z,2022-09-28T23:46:04Z,3354,9.1828,1274
NLPchina/ansj_seg,ansj_seg,NLPchina,https://github.com/NLPchina/ansj_seg,6545,2012-09-05T05:56:24Z,2023-11-19T06:15:23Z,4950,13.5524,858
ximsfei/Android-skin-support,Android-skin-support,ximsfei,https://github.com/ximsfei/Android-skin-support,6521,2017-01-12T15:03:54Z,2020-09-03T06:06:18Z,3360,9.1992,2030
processing/processing,processing,processing,https://github.com/processing/processing,6497,2013-01-24T21:17:22Z,2025-05-18T21:02:16Z,4808,13.1636,311
nayuki/QR-Code-generator,QR-Code-generator,nayuki,https://github.com/nayuki/QR-Code-generator,6486,2016-04-15T02:19:41Z,2025-01-23T07:33:13Z,3632,9.9439,427
hibernate/hibernate-orm,hibernate-orm,hibernate,https://github.com/hibernate/hibernate-orm,6464,2010-10-04T16:15:52Z,2026-03-26T17:54:27Z,5652,15.4743,0
ArthurHub/Android-Image-Cropper,Android-Image-Cropper,ArthurHub,https://github.com/ArthurHub/Android-Image-Cropper,6430,2015-01-15T10:49:37Z,2023-09-17T15:20:18Z,4088,11.1923,921
wxiaoqi/Spring-Cloud-Platform,Spring-Cloud-Platform,wxiaoqi,https://github.com/wxiaoqi/Spring-Cloud-Platform,6429,2017-05-25T10:35:26Z,2024-08-29T13:07:53Z,3227,8.835,574
freeok/so-novel,so-novel,freeok,https://github.com/freeok/so-novel,6425,2022-05-23T15:49:36Z,2026-03-22T04:39:19Z,1403,3.8412,4
vinc3m1/RoundedImageView,RoundedImageView,vinc3m1,https://github.com/vinc3m1/RoundedImageView,6420,2013-02-22T01:17:37Z,2023-01-27T18:56:33Z,4780,13.0869,1154
jetlinks/jetlinks-community,jetlinks-community,jetlinks,https://github.com/jetlinks/jetlinks-community,6418,2020-01-02T07:27:34Z,2026-03-26T12:35:12Z,2275,6.2286,0
Javen205/IJPay,IJPay,Javen205,https://github.com/Javen205/IJPay,6413,2017-05-02T03:15:32Z,2025-04-10T14:41:48Z,3250,8.898,350
gephi/gephi,gephi,gephi,https://github.com/gephi/gephi,6411,2011-10-22T03:14:46Z,2026-03-15T19:28:05Z,5269,14.4257,11
AsyncHttpClient/async-http-client,async-http-client,AsyncHttpClient,https://github.com/AsyncHttpClient/async-http-client,6409,2011-03-07T13:41:46Z,2026-03-21T22:31:02Z,5498,15.0527,4
micronaut-projects/micronaut-core,micronaut-core,micronaut-projects,https://github.com/micronaut-projects/micronaut-core,6395,2018-03-07T12:05:08Z,2026-03-26T18:37:36Z,2941,8.052,0
apache/flink-cdc,flink-cdc,apache,https://github.com/apache/flink-cdc,6383,2020-07-27T19:23:33Z,2026-03-26T11:06:30Z,2068,5.6619,0
aa112901/remusic,remusic,aa112901,https://github.com/aa112901/remusic,6383,2016-03-24T06:20:39Z,2018-07-20T03:52:21Z,3654,10.0041,2806
graphhopper/graphhopper,graphhopper,graphhopper,https://github.com/graphhopper/graphhopper,6379,2012-02-18T19:57:38Z,2026-03-26T17:46:21Z,5149,14.0972,0
joelittlejohn/jsonschema2pojo,jsonschema2pojo,joelittlejohn,https://github.com/joelittlejohn/jsonschema2pojo,6368,2013-06-22T22:28:53Z,2026-03-01T21:37:44Z,4659,12.7556,24
haifengl/smile,smile,haifengl,https://github.com/haifengl/smile,6357,2014-11-20T16:28:12Z,2026-03-25T23:27:04Z,4144,11.3457,0
DerekYRC/mini-spring,mini-spring,DerekYRC,https://github.com/DerekYRC/mini-spring,6355,2020-11-17T11:59:18Z,2026-02-27T23:10:04Z,1955,5.3525,26
wasabeef/richeditor-android,richeditor-android,wasabeef,https://github.com/wasabeef/richeditor-android,6348,2015-03-30T16:19:20Z,2024-05-21T09:52:28Z,4014,10.9897,674
sshahine/JFoenix,JFoenix,sshahine,https://github.com/sshahine/JFoenix,6347,2015-09-08T14:04:24Z,2023-06-28T17:20:35Z,3852,10.5462,1002
amitshekhariitbhu/from-java-to-kotlin,from-java-to-kotlin,amitshekhariitbhu,https://github.com/amitshekhariitbhu/from-java-to-kotlin,6337,2017-05-21T11:56:27Z,2026-01-28T09:25:16Z,3231,8.846,57
apache/iotdb,iotdb,apache,https://github.com/apache/iotdb,6301,2018-11-24T21:29:17Z,2026-03-26T12:51:15Z,2678,7.332,0
lightbend/config,config,lightbend,https://github.com/lightbend/config,6296,2011-12-06T08:02:29Z,2026-03-02T14:42:49Z,5224,14.3025,24
koush/ion,ion,koush,https://github.com/koush/ion,6264,2013-05-22T07:41:23Z,2024-02-01T19:55:49Z,4691,12.8433,784
graphql-java/graphql-java,graphql-java,graphql-java,https://github.com/graphql-java/graphql-java,6236,2015-07-06T06:52:20Z,2026-03-25T18:48:22Z,3916,10.7214,1
apache/incubator-kie-drools,incubator-kie-drools,apache,https://github.com/apache/incubator-kie-drools,6231,2011-02-18T08:37:05Z,2026-03-26T18:55:21Z,5515,15.0992,0
ityouknow/spring-cloud-examples,spring-cloud-examples,ityouknow,https://github.com/ityouknow/spring-cloud-examples,6217,2017-04-28T08:48:53Z,2023-07-18T20:52:20Z,3254,8.909,981
auth0/java-jwt,java-jwt,auth0,https://github.com/auth0/java-jwt,6206,2014-03-07T15:06:11Z,2026-03-24T22:15:28Z,4402,12.052,1
google/grafika,grafika,google,https://github.com/google/grafika,6160,2013-12-19T18:36:53Z,2024-02-09T00:34:48Z,4480,12.2656,776
apache/camel,camel,apache,https://github.com/apache/camel,6156,2009-05-21T00:25:36Z,2026-03-26T19:08:00Z,6153,16.846,0
Vedenin/useful-java-links,useful-java-links,Vedenin,https://github.com/Vedenin/useful-java-links,6155,2016-02-13T13:14:52Z,2026-03-20T21:30:27Z,3694,10.1136,5
alipay/SoloPi,SoloPi,alipay,https://github.com/alipay/SoloPi,6147,2019-03-14T15:32:49Z,2024-07-11T07:19:06Z,2569,7.0335,623
loks666/get_jobs,get_jobs,loks666,https://github.com/loks666/get_jobs,6143,2024-03-07T21:34:58Z,2026-01-30T14:54:33Z,748,2.0479,55
vavr-io/vavr,vavr,vavr-io,https://github.com/vavr-io/vavr,6128,2014-01-30T14:07:25Z,2026-03-24T05:11:41Z,4438,12.1506,2
LandGrey/SpringBootVulExploit,SpringBootVulExploit,LandGrey,https://github.com/LandGrey/SpringBootVulExploit,6127,2020-05-20T09:18:44Z,2021-03-10T13:03:25Z,2136,5.848,1842
obsidiandynamics/kafdrop,kafdrop,obsidiandynamics,https://github.com/obsidiandynamics/kafdrop,6125,2019-05-27T08:46:56Z,2026-03-26T19:35:46Z,2495,6.8309,0
apache/hudi,hudi,apache,https://github.com/apache/hudi,6124,2016-12-14T15:53:41Z,2026-03-26T05:07:37Z,3389,9.2786,0
ikew0ng/SwipeBackLayout,SwipeBackLayout,ikew0ng,https://github.com/ikew0ng/SwipeBackLayout,6104,2013-08-25T03:36:12Z,2019-09-18T06:44:18Z,4596,12.5832,2381
rengwuxian/MaterialEditText,MaterialEditText,rengwuxian,https://github.com/rengwuxian/MaterialEditText,6099,2014-10-30T10:07:23Z,2019-08-27T08:05:32Z,4165,11.4031,2403
google/google-java-format,google-java-format,google,https://github.com/google/google-java-format,6098,2015-05-11T20:38:28Z,2026-03-25T17:20:22Z,3971,10.872,1
daimajia/NumberProgressBar,NumberProgressBar,daimajia,https://github.com/daimajia/NumberProgressBar,6095,2014-05-01T08:54:25Z,2020-09-27T09:09:15Z,4347,11.9014,2006
javaparser/javaparser,javaparser,javaparser,https://github.com/javaparser/javaparser,6064,2011-10-30T14:03:44Z,2026-03-26T19:04:32Z,5261,14.4038,0
apache/pinot,pinot,apache,https://github.com/apache/pinot,6050,2014-05-19T23:27:48Z,2026-03-26T18:02:35Z,4328,11.8494,0
google/j2objc,j2objc,google,https://github.com/google/j2objc,6045,2014-01-30T20:19:56Z,2026-03-25T23:37:18Z,4437,12.1478,0
ZhongFuCheng3y/austin,austin,ZhongFuCheng3y,https://github.com/ZhongFuCheng3y/austin,6045,2021-11-06T09:36:01Z,2026-03-01T03:55:05Z,1601,4.3833,25
singwhatiwanna/dynamic-load-apk,dynamic-load-apk,singwhatiwanna,https://github.com/singwhatiwanna/dynamic-load-apk,6026,2014-03-30T11:51:00Z,2024-07-16T17:56:54Z,4379,11.989,618
apache/nifi,nifi,apache,https://github.com/apache/nifi,6025,2014-12-12T08:00:05Z,2026-03-26T19:06:00Z,4122,11.2854,0
apache/hive,hive,apache,https://github.com/apache/hive,6019,2009-05-21T02:31:01Z,2026-03-26T08:40:28Z,6153,16.846,0
pedrovgs/EffectiveAndroidUI,EffectiveAndroidUI,pedrovgs,https://github.com/pedrovgs/EffectiveAndroidUI,6014,2014-07-04T08:42:20Z,2026-01-16T10:53:44Z,4283,11.7262,69
jeequan/jeepay,jeepay,jeequan,https://github.com/jeequan/jeepay,6002,2017-08-12T02:40:32Z,2025-12-23T06:13:03Z,3148,8.6188,93
robolectric/robolectric,robolectric,robolectric,https://github.com/robolectric/robolectric,6001,2010-08-28T00:28:25Z,2026-03-26T19:17:34Z,5689,15.5756,0
opengoofy/hippo4j,hippo4j,opengoofy,https://github.com/opengoofy/hippo4j,5994,2021-06-16T02:59:48Z,2026-03-12T14:44:23Z,1744,4.7748,14
WeiYe-Jing/datax-web,datax-web,WeiYe-Jing,https://github.com/WeiYe-Jing/datax-web,5991,2019-11-19T01:09:05Z,2024-06-02T10:35:32Z,2319,6.3491,662
btraceio/btrace,btrace,btraceio,https://github.com/btraceio/btrace,5987,2014-08-28T18:58:24Z,2026-03-19T09:51:48Z,4228,11.5756,7
google/physical-web,physical-web,google,https://github.com/google/physical-web,5981,2014-09-30T18:32:14Z,2018-12-05T21:09:11Z,4195,11.4853,2667
00-Evan/shattered-pixel-dungeon,shattered-pixel-dungeon,00-Evan,https://github.com/00-Evan/shattered-pixel-dungeon,5975,2014-07-31T21:56:31Z,2026-03-23T15:22:47Z,4255,11.6496,3
rey5137/material,material,rey5137,https://github.com/rey5137/material,5967,2014-12-09T12:07:32Z,2023-05-28T15:35:01Z,4125,11.2936,1033
youtube/api-samples,api-samples,youtube,https://github.com/youtube/api-samples,5960,2013-12-09T18:41:41Z,2024-06-09T20:38:03Z,4490,12.293,654
wyouflf/xUtils3,xUtils3,wyouflf,https://github.com/wyouflf/xUtils3,5959,2015-10-28T10:56:04Z,2022-03-19T03:24:30Z,3802,10.4093,1468
liyifeng1994/ssm,ssm,liyifeng1994,https://github.com/liyifeng1994/ssm,5939,2016-06-18T17:58:56Z,2022-12-16T05:53:22Z,3568,9.7687,1196
springfox/springfox,springfox,springfox,https://github.com/springfox/springfox,5938,2012-05-06T06:38:57Z,2024-03-18T18:36:28Z,5072,13.8864,738
JSQLParser/JSqlParser,JSqlParser,JSQLParser,https://github.com/JSQLParser/JSqlParser,5936,2011-06-23T22:51:52Z,2026-03-25T13:44:18Z,5389,14.7543,1
journeyapps/zxing-android-embedded,zxing-android-embedded,journeyapps,https://github.com/journeyapps/zxing-android-embedded,5935,2012-11-28T16:36:39Z,2024-08-04T04:24:21Z,4866,13.3224,599
prolificinteractive/material-calendarview,material-calendarview,prolificinteractive,https://github.com/prolificinteractive/material-calendarview,5930,2015-02-09T22:31:56Z,2023-05-28T16:37:44Z,4062,11.1211,1033
antoniolg/androidmvp,androidmvp,antoniolg,https://github.com/antoniolg/androidmvp,5910,2014-04-02T05:42:20Z,2023-06-25T07:36:42Z,4376,11.9808,1005
weibocom/motan,motan,weibocom,https://github.com/weibocom/motan,5907,2016-04-20T10:56:17Z,2025-11-24T10:37:43Z,3627,9.9302,122
Archmage83/tvapk,tvapk,Archmage83,https://github.com/Archmage83/tvapk,5906,2020-07-29T08:04:37Z,2026-03-22T05:41:45Z,2066,5.6564,4
apache/fesod,fesod,apache,https://github.com/apache/fesod,5899,2024-10-05T11:42:50Z,2026-03-24T15:29:28Z,537,1.4702,2
amitshekhariitbhu/Fast-Android-Networking,Fast-Android-Networking,amitshekhariitbhu,https://github.com/amitshekhariitbhu/Fast-Android-Networking,5891,2016-03-21T18:35:44Z,2026-02-05T09:09:48Z,3657,10.0123,49
lets-blade/blade,blade,lets-blade,https://github.com/lets-blade/blade,5884,2015-06-10T03:35:49Z,2025-12-15T23:30:46Z,3942,10.7926,100
JakeWharton/DiskLruCache,DiskLruCache,JakeWharton,https://github.com/JakeWharton/DiskLruCache,5865,2012-01-05T00:36:34Z,2020-03-02T13:54:37Z,5194,14.2204,2215
ikarus23/MifareClassicTool,MifareClassicTool,ikarus23,https://github.com/ikarus23/MifareClassicTool,5859,2013-02-12T15:39:03Z,2026-01-25T17:44:59Z,4790,13.1143,60
ffay/lanproxy,lanproxy,ffay,https://github.com/ffay/lanproxy,5857,2016-11-20T08:12:10Z,2025-11-01T03:46:16Z,3413,9.3443,145
PBH-BTN/PeerBanHelper,PeerBanHelper,PBH-BTN,https://github.com/PBH-BTN/PeerBanHelper,5856,2024-02-07T14:35:16Z,2026-03-26T18:47:09Z,778,2.13,0
meefik/linuxdeploy,linuxdeploy,meefik,https://github.com/meefik/linuxdeploy,5795,2012-08-21T04:49:14Z,2022-06-16T23:14:57Z,4965,13.5934,1378
Nightonke/BoomMenu,BoomMenu,Nightonke,https://github.com/Nightonke/BoomMenu,5791,2016-03-19T12:04:12Z,2023-03-12T07:41:43Z,3659,10.0178,1110
yarolegovich/DiscreteScrollView,DiscreteScrollView,yarolegovich,https://github.com/yarolegovich/DiscreteScrollView,5786,2017-03-03T23:38:54Z,2024-08-19T09:48:41Z,3309,9.0595,584
changmingxie/tcc-transaction,tcc-transaction,changmingxie,https://github.com/changmingxie/tcc-transaction,5776,2015-12-05T04:27:53Z,2025-01-24T07:50:02Z,3764,10.3053,426
Nepxion/Discovery,Discovery,Nepxion,https://github.com/Nepxion/Discovery,5774,2018-06-21T16:16:49Z,2025-08-02T13:10:32Z,2835,7.7618,236
dmytrodanylyk/circular-progress-button,circular-progress-button,dmytrodanylyk,https://github.com/dmytrodanylyk/circular-progress-button,5757,2014-06-07T12:58:48Z,2026-03-20T02:12:46Z,4310,11.8001,6
houbb/sensitive-word,sensitive-word,houbb,https://github.com/houbb/sensitive-word,5752,2020-01-07T03:10:44Z,2026-03-23T10:35:47Z,2270,6.2149,3
strimzi/strimzi-kafka-operator,strimzi-kafka-operator,strimzi,https://github.com/strimzi/strimzi-kafka-operator,5752,2016-05-06T08:52:33Z,2026-03-26T16:07:05Z,3611,9.8864,0
JanusGraph/janusgraph,janusgraph,JanusGraph,https://github.com/JanusGraph/janusgraph,5747,2016-12-26T13:26:29Z,2025-11-21T11:06:36Z,3377,9.2457,125
k0shk0sh/FastHub,FastHub,k0shk0sh,https://github.com/k0shk0sh/FastHub,5735,2017-02-18T17:53:16Z,2022-09-12T13:15:21Z,3323,9.0979,1291
dromara/lamp-cloud,lamp-cloud,dromara,https://github.com/dromara/lamp-cloud,5732,2018-01-17T02:51:04Z,2026-01-26T01:11:34Z,2990,8.1862,59
jagrosh/MusicBot,MusicBot,jagrosh,https://github.com/jagrosh/MusicBot,5730,2016-08-14T18:46:29Z,2024-11-16T15:22:38Z,3511,9.6126,495
redis/lettuce,lettuce,redis,https://github.com/redis/lettuce,5728,2014-05-10T13:08:46Z,2026-03-26T16:06:17Z,4338,11.8768,0
ZHENFENG13/spring-boot-projects,spring-boot-projects,ZHENFENG13,https://github.com/ZHENFENG13/spring-boot-projects,5721,2017-04-01T01:50:14Z,2023-02-27T15:34:14Z,3281,8.9829,1123
yanzhenjie/SwipeRecyclerView,SwipeRecyclerView,yanzhenjie,https://github.com/yanzhenjie/SwipeRecyclerView,5718,2016-08-03T15:43:34Z,2024-07-30T05:28:04Z,3522,9.6427,604
ddd-by-examples/library,library,ddd-by-examples,https://github.com/ddd-by-examples/library,5711,2019-01-11T09:14:03Z,2023-07-07T21:43:17Z,2631,7.2033,992
jpush/aurora-imui,aurora-imui,jpush,https://github.com/jpush/aurora-imui,5709,2016-12-13T05:24:01Z,2022-12-30T04:04:35Z,3390,9.2813,1182
Devlight/InfiniteCycleViewPager,InfiniteCycleViewPager,Devlight,https://github.com/Devlight/InfiniteCycleViewPager,5703,2016-08-22T08:04:39Z,2022-08-09T20:20:47Z,3503,9.5907,1324
201206030/novel,novel,201206030,https://github.com/201206030/novel,5677,2019-11-11T01:13:52Z,2025-11-05T10:19:00Z,2327,6.371,141
crazycodeboy/react-native-splash-screen,react-native-splash-screen,crazycodeboy,https://github.com/crazycodeboy/react-native-splash-screen,5667,2016-09-14T10:43:55Z,2024-07-30T16:31:56Z,3480,9.5277,604
springside/springside4,springside4,springside,https://github.com/springside/springside4,5666,2012-02-23T08:39:03Z,2022-10-25T03:19:06Z,5145,14.0862,1248
ElderDrivers/EdXposed,EdXposed,ElderDrivers,https://github.com/ElderDrivers/EdXposed,5664,2019-01-18T16:18:19Z,2022-04-12T13:23:50Z,2624,7.1841,1444
JakeWharton/u2020,u2020,JakeWharton,https://github.com/JakeWharton/u2020,5662,2013-11-14T11:58:23Z,2023-05-28T12:22:30Z,4515,12.3614,1033
wasabeef/Blurry,Blurry,wasabeef,https://github.com/wasabeef/Blurry,5660,2015-07-23T14:12:08Z,2023-04-27T15:54:45Z,3899,10.6749,1064
hanks-zyh/HTextView,HTextView,hanks-zyh,https://github.com/hanks-zyh/HTextView,5657,2015-12-19T16:34:59Z,2021-05-07T03:48:05Z,3750,10.2669,1784
microsoft/typespec,typespec,microsoft,https://github.com/microsoft/typespec,5646,2021-06-30T23:29:49Z,2026-03-26T19:51:16Z,1729,4.7337,0
daimajia/AndroidImageSlider,AndroidImageSlider,daimajia,https://github.com/daimajia/AndroidImageSlider,5620,2014-06-02T06:04:17Z,2020-10-01T16:41:17Z,4315,11.8138,2002
TommyLemon/Android-ZBLibrary,Android-ZBLibrary,TommyLemon,https://github.com/TommyLemon/Android-ZBLibrary,5607,2015-08-20T16:03:53Z,2025-09-03T14:55:29Z,3871,10.5982,204
osmandapp/OsmAnd,OsmAnd,osmandapp,https://github.com/osmandapp/OsmAnd,5607,2011-01-15T19:59:44Z,2026-03-26T17:20:16Z,5548,15.1896,0
hongyangAndroid/FlowLayout,FlowLayout,hongyangAndroid,https://github.com/hongyangAndroid/FlowLayout,5587,2015-08-28T09:32:31Z,2019-10-13T14:59:04Z,3863,10.5763,2356
apache/hbase,hbase,apache,https://github.com/apache/hbase,5581,2014-05-23T07:00:07Z,2026-03-26T19:36:46Z,4325,11.8412,0
baidu/uid-generator,uid-generator,baidu,https://github.com/baidu/uid-generator,5581,2017-03-27T04:03:43Z,2023-05-31T08:04:59Z,3286,8.9966,1030
alibaba/jetcache,jetcache,alibaba,https://github.com/alibaba/jetcache,5573,2017-04-12T07:48:23Z,2026-01-22T18:26:01Z,3270,8.9528,63
hneemann/Digital,Digital,hneemann,https://github.com/hneemann/Digital,5563,2016-06-28T17:40:16Z,2025-08-14T14:34:07Z,3558,9.7413,224
amlcurran/ShowcaseView,ShowcaseView,amlcurran,https://github.com/amlcurran/ShowcaseView,5562,2012-08-14T19:07:36Z,2018-02-01T16:31:39Z,4972,13.6126,2975
mik3y/usb-serial-for-android,usb-serial-for-android,mik3y,https://github.com/mik3y/usb-serial-for-android,5562,2013-06-30T23:17:45Z,2025-12-05T17:18:07Z,4651,12.7337,111
alibaba/QLExpress,QLExpress,alibaba,https://github.com/alibaba/QLExpress,5553,2017-03-15T08:39:54Z,2026-03-04T00:33:16Z,3298,9.0294,22
SuperMonster003/AutoJs6,AutoJs6,SuperMonster003,https://github.com/SuperMonster003/AutoJs6,5546,2021-12-01T05:27:22Z,2026-03-16T14:48:05Z,1576,4.3149,10
nhaarman/ListViewAnimations,ListViewAnimations,nhaarman,https://github.com/nhaarman/ListViewAnimations,5539,2013-03-19T11:59:23Z,2016-11-03T13:04:11Z,4755,13.0185,3430
knightliao/disconf,disconf,knightliao,https://github.com/knightliao/disconf,5534,2014-05-30T09:39:27Z,2023-07-18T10:35:44Z,4318,11.822,982
danikula/AndroidVideoCache,AndroidVideoCache,danikula,https://github.com/danikula/AndroidVideoCache,5516,2015-04-01T11:25:52Z,2023-03-14T18:23:44Z,4012,10.9843,1108
wuhaoyu1990/MagicCamera,MagicCamera,wuhaoyu1990,https://github.com/wuhaoyu1990/MagicCamera,5515,2016-01-08T11:36:56Z,2020-10-22T09:22:50Z,3730,10.2122,1981
CaffeineMC/sodium,sodium,CaffeineMC,https://github.com/CaffeineMC/sodium,5512,2020-02-01T03:04:09Z,2026-03-25T15:54:21Z,2245,6.1465,1
cinit/QAuxiliary,QAuxiliary,cinit,https://github.com/cinit/QAuxiliary,5500,2022-01-29T06:12:36Z,2026-03-26T17:05:33Z,1517,4.1533,0
jindrapetrik/jpexs-decompiler,jpexs-decompiler,jindrapetrik,https://github.com/jindrapetrik/jpexs-decompiler,5489,2014-05-10T17:20:56Z,2026-03-26T19:44:59Z,4338,11.8768,0
GeyserMC/Geyser,Geyser,GeyserMC,https://github.com/GeyserMC/Geyser,5484,2019-07-08T17:23:17Z,2026-03-26T14:49:10Z,2453,6.7159,0
emilsjolander/StickyListHeaders,StickyListHeaders,emilsjolander,https://github.com/emilsjolander/StickyListHeaders,5482,2012-03-11T18:29:18Z,2021-05-21T09:48:05Z,5128,14.0397,1770
Jasonchenlijian/FastBle,FastBle,Jasonchenlijian,https://github.com/Jasonchenlijian/FastBle,5476,2016-08-23T02:06:33Z,2022-07-27T09:20:44Z,3502,9.588,1338
scribejava/scribejava,scribejava,scribejava,https://github.com/scribejava/scribejava,5470,2010-09-05T19:11:40Z,2026-03-02T00:30:17Z,5681,15.5537,24
motianhuo/wechat,wechat,motianhuo,https://github.com/motianhuo/wechat,5469,2015-05-25T02:33:37Z,2018-08-23T07:54:02Z,3958,10.8364,2772
alibaba/freeline,freeline,alibaba,https://github.com/alibaba/freeline,5464,2016-08-03T17:22:52Z,2020-05-10T15:57:31Z,3522,9.6427,2146
KeepSafe/TapTargetView,TapTargetView,KeepSafe,https://github.com/KeepSafe/TapTargetView,5462,2016-09-11T09:07:36Z,2024-10-08T20:23:47Z,3483,9.5359,533
liquibase/liquibase,liquibase,liquibase,https://github.com/liquibase/liquibase,5461,2011-07-08T20:08:20Z,2026-03-25T16:07:00Z,5374,14.7132,1
sockeqwe/mosby,mosby,sockeqwe,https://github.com/sockeqwe/mosby,5460,2015-03-25T00:59:19Z,2022-03-09T15:17:41Z,4019,11.0034,1478
dm77/barcodescanner,barcodescanner,dm77,https://github.com/dm77/barcodescanner,5444,2014-02-24T21:14:09Z,2020-07-01T15:06:59Z,4412,12.0794,2094
apache/groovy,groovy,apache,https://github.com/apache/groovy,5438,2015-04-16T07:00:05Z,2026-03-26T14:40:50Z,3997,10.9432,0
TGX-Android/Telegram-X,Telegram-X,TGX-Android,https://github.com/TGX-Android/Telegram-X,5437,2021-08-17T17:09:25Z,2026-01-31T21:05:23Z,1682,4.6051,53
rubenlagus/TelegramBots,TelegramBots,rubenlagus,https://github.com/rubenlagus/TelegramBots,5426,2016-01-14T00:13:07Z,2026-03-15T00:51:39Z,3724,10.1958,11
spring-projects/spring-data-examples,spring-data-examples,spring-projects,https://github.com/spring-projects/spring-data-examples,5415,2014-01-30T15:42:43Z,2026-03-20T16:32:26Z,4438,12.1506,6
socketio/socket.io-client-java,socket.io-client-java,socketio,https://github.com/socketio/socket.io-client-java,5414,2013-04-28T17:04:05Z,2025-08-11T07:26:37Z,4715,12.909,227
facebookarchive/rebound,rebound,facebookarchive,https://github.com/facebookarchive/rebound,5405,2013-10-11T01:12:37Z,2019-03-27T22:30:26Z,4549,12.4545,2555
tonikelope/megabasterd,megabasterd,tonikelope,https://github.com/tonikelope/megabasterd,5402,2016-09-29T16:54:54Z,2026-01-19T18:12:41Z,3465,9.4867,66
apache/dubbo-spring-boot-project,dubbo-spring-boot-project,apache,https://github.com/apache/dubbo-spring-boot-project,5397,2018-01-18T12:10:50Z,2023-01-25T00:11:57Z,2989,8.1834,1156
coobird/thumbnailator,thumbnailator,coobird,https://github.com/coobird/thumbnailator,5397,2015-07-25T05:38:33Z,2026-02-17T17:48:42Z,3897,10.6694,37
killbill/killbill,killbill,killbill,https://github.com/killbill/killbill,5391,2012-10-21T20:55:05Z,2026-03-24T02:15:09Z,4903,13.4237,2
LFDT-web3j/web3j,web3j,LFDT-web3j,https://github.com/LFDT-web3j/web3j,5384,2016-09-04T05:48:49Z,2026-01-28T16:57:48Z,3490,9.5551,57
diffplug/spotless,spotless,diffplug,https://github.com/diffplug/spotless,5380,2015-04-27T19:10:58Z,2026-03-25T13:19:18Z,3986,10.9131,1
facebookarchive/shimmer-android,shimmer-android,facebookarchive,https://github.com/facebookarchive/shimmer-android,5364,2015-02-27T22:25:22Z,2023-03-23T16:44:24Z,4044,11.0719,1099
Evernote/android-job,android-job,Evernote,https://github.com/Evernote/android-job,5362,2015-08-20T19:36:54Z,2022-07-13T04:26:11Z,3871,10.5982,1352
pmd/pmd,pmd,pmd,https://github.com/pmd/pmd,5356,2012-07-11T18:03:00Z,2026-03-25T03:53:17Z,5006,13.7057,1
remkop/picocli,picocli,remkop,https://github.com/remkop/picocli,5340,2017-02-01T16:38:41Z,2025-10-30T11:04:09Z,3340,9.1444,147
h6ah4i/android-advancedrecyclerview,android-advancedrecyclerview,h6ah4i,https://github.com/h6ah4i/android-advancedrecyclerview,5339,2015-01-24T16:14:39Z,2023-08-21T04:59:46Z,4079,11.1677,948
commonsguy/cw-omnibus,cw-omnibus,commonsguy,https://github.com/commonsguy/cw-omnibus,5337,2012-03-12T14:12:06Z,2019-02-09T23:04:17Z,5127,14.037,2601
jgilfelt/SystemBarTint,SystemBarTint,jgilfelt,https://github.com/jgilfelt/SystemBarTint,5334,2013-11-17T12:35:05Z,2015-09-05T09:30:48Z,4512,12.3532,3855
runelite/runelite,runelite,runelite,https://github.com/runelite/runelite,5331,2016-04-30T20:48:02Z,2026-03-26T17:55:06Z,3616,9.9001,0
google/google-authenticator,google-authenticator,google,https://github.com/google/google-authenticator,5322,2014-10-08T17:54:27Z,2020-09-28T13:57:17Z,4187,11.4634,2005
gsantner/markor,markor,gsantner,https://github.com/gsantner/markor,5322,2017-08-26T00:08:35Z,2026-03-24T17:22:50Z,3134,8.5804,2
XRecyclerView/XRecyclerView,XRecyclerView,XRecyclerView,https://github.com/XRecyclerView/XRecyclerView,5322,2015-11-18T08:14:22Z,2023-09-11T08:50:57Z,3781,10.3518,927
allure-framework/allure2,allure2,allure-framework,https://github.com/allure-framework/allure2,5320,2016-05-27T14:06:05Z,2026-03-25T22:47:35Z,3590,9.8289,0
mybatis/generator,generator,mybatis,https://github.com/mybatis/generator,5318,2013-02-10T11:14:50Z,2026-03-26T19:31:57Z,4792,13.1198,0
dunwu/db-tutorial,db-tutorial,dunwu,https://github.com/dunwu/db-tutorial,5318,2017-08-08T06:33:38Z,2024-10-08T23:22:25Z,3152,8.6297,533
Doikki/DKVideoPlayer,DKVideoPlayer,Doikki,https://github.com/Doikki/DKVideoPlayer,5308,2017-04-11T01:33:38Z,2024-06-03T02:41:30Z,3271,8.9555,661
LWJGL/lwjgl3,lwjgl3,LWJGL,https://github.com/LWJGL/lwjgl3,5305,2012-12-23T15:40:04Z,2026-03-13T17:36:32Z,4841,13.2539,13
zfdang/Android-Touch-Helper,Android-Touch-Helper,zfdang,https://github.com/zfdang/Android-Touch-Helper,5292,2020-10-16T00:58:41Z,2026-03-20T01:11:19Z,1987,5.4401,6
Fuzion24/JustTrustMe,JustTrustMe,Fuzion24,https://github.com/Fuzion24/JustTrustMe,5289,2014-07-24T23:45:05Z,2024-09-02T19:03:26Z,4262,11.6687,570
evant/gradle-retrolambda,gradle-retrolambda,evant,https://github.com/evant/gradle-retrolambda,5283,2013-08-05T02:09:58Z,2023-07-24T15:03:12Z,4616,12.6379,976
Docile-Alligator/Infinity-For-Reddit,Infinity-For-Reddit,Docile-Alligator,https://github.com/Docile-Alligator/Infinity-For-Reddit,5270,2018-07-26T15:02:51Z,2026-03-25T02:03:43Z,2800,7.666,1
yixia/VitamioBundle,VitamioBundle,yixia,https://github.com/yixia/VitamioBundle,5269,2012-10-19T08:40:49Z,2017-04-23T19:32:23Z,4906,13.4319,3259
xxv/android-lifecycle,android-lifecycle,xxv,https://github.com/xxv/android-lifecycle,5266,2014-04-18T14:26:22Z,2021-08-19T00:44:07Z,4360,11.937,1680
citerus/dddsample-core,dddsample-core,citerus,https://github.com/citerus/dddsample-core,5264,2015-01-31T23:21:37Z,2025-06-02T09:09:44Z,4071,11.1458,297
CodingDocs/springboot-guide,springboot-guide,CodingDocs,https://github.com/CodingDocs/springboot-guide,5263,2018-11-28T01:05:07Z,2026-02-02T13:08:52Z,2675,7.3238,52
lingochamp/okdownload,okdownload,lingochamp,https://github.com/lingochamp/okdownload,5258,2017-12-17T08:21:22Z,2022-11-04T04:02:49Z,3021,8.271,1238
razerdp/BasePopup,BasePopup,razerdp,https://github.com/razerdp/BasePopup,5257,2016-01-15T03:31:07Z,2026-01-21T06:37:39Z,3723,10.193,64
thinkaurelius/titan,titan,thinkaurelius,https://github.com/thinkaurelius/titan,5237,2012-02-25T22:53:53Z,2022-10-19T07:57:00Z,5142,14.078,1254
j-easy/easy-rules,easy-rules,j-easy,https://github.com/j-easy/easy-rules,5236,2013-03-10T14:38:26Z,2024-05-29T20:13:50Z,4764,13.0431,665
Yalantis/Side-Menu.Android,Side-Menu.Android,Yalantis,https://github.com/Yalantis/Side-Menu.Android,5234,2015-01-13T11:11:27Z,2020-08-08T20:17:09Z,4090,11.1978,2055
novicezk/midjourney-proxy,midjourney-proxy,novicezk,https://github.com/novicezk/midjourney-proxy,5233,2023-04-24T13:43:45Z,2025-08-03T07:41:19Z,1067,2.9213,235
huangyanbin/smartTable,smartTable,huangyanbin,https://github.com/huangyanbin/smartTable,5231,2017-11-08T01:11:14Z,2022-03-11T09:08:26Z,3060,8.3778,1476
CellularPrivacy/Android-IMSI-Catcher-Detector,Android-IMSI-Catcher-Detector,CellularPrivacy,https://github.com/CellularPrivacy/Android-IMSI-Catcher-Detector,5223,2013-11-23T10:04:14Z,2026-02-27T21:09:53Z,4506,12.3368,26
lucasr/twoway-view,twoway-view,lucasr,https://github.com/lucasr/twoway-view,5218,2013-01-18T20:55:23Z,2017-03-20T14:42:55Z,4814,13.18,3293
bitcoinj/bitcoinj,bitcoinj,bitcoinj,https://github.com/bitcoinj/bitcoinj,5212,2013-11-19T04:33:23Z,2026-03-24T22:49:09Z,4510,12.3477,1
reactor/reactor-core,reactor-core,reactor,https://github.com/reactor/reactor-core,5211,2015-11-10T10:06:40Z,2026-03-23T07:14:38Z,3789,10.3737,3
Karumi/Dexter,Dexter,Karumi,https://github.com/Karumi/Dexter,5208,2015-11-17T13:14:43Z,2021-07-02T10:55:40Z,3782,10.3546,1728
oshi/oshi,oshi,oshi,https://github.com/oshi/oshi,5197,2012-02-10T12:46:48Z,2026-03-26T19:54:30Z,5158,14.1218,0
brianfrankcooper/YCSB,YCSB,brianfrankcooper,https://github.com/brianfrankcooper/YCSB,5197,2010-04-19T20:52:11Z,2026-03-04T17:36:33Z,5819,15.9316,22
hustcc/JS-Sorting-Algorithm,JS-Sorting-Algorithm,hustcc,https://github.com/hustcc/JS-Sorting-Algorithm,5194,2017-01-19T11:36:21Z,2024-03-30T04:35:46Z,3353,9.18,726
zhanglei-workspace/shopping-management-system,shopping-management-system,zhanglei-workspace,https://github.com/zhanglei-workspace/shopping-management-system,5190,2015-11-16T12:53:21Z,2024-03-07T06:37:19Z,3783,10.3573,749
Clans/FloatingActionButton,FloatingActionButton,Clans,https://github.com/Clans/FloatingActionButton,5187,2015-03-21T12:36:16Z,2019-07-11T20:43:07Z,4023,11.0144,2449
Exrick/xpay,xpay,Exrick,https://github.com/Exrick/xpay,5181,2017-12-12T16:11:19Z,2024-08-26T16:10:08Z,3026,8.2847,577
android/views-widgets-samples,views-widgets-samples,android,https://github.com/android/views-widgets-samples,5181,2019-09-06T21:39:12Z,2025-07-11T13:00:08Z,2392,6.5489,258
killme2008/aviatorscript,aviatorscript,killme2008,https://github.com/killme2008/aviatorscript,5178,2011-03-29T12:48:47Z,2026-03-04T10:09:45Z,5476,14.9925,22
baomidou/dynamic-datasource,dynamic-datasource,baomidou,https://github.com/baomidou/dynamic-datasource,5154,2018-04-28T02:32:16Z,2026-03-12T08:29:47Z,2889,7.9097,14
careercup/ctci,ctci,careercup,https://github.com/careercup/ctci,5145,2013-03-21T23:01:01Z,2023-06-26T09:01:08Z,4752,13.0103,1004
square/otto,otto,square,https://github.com/square/otto,5135,2012-06-27T19:06:49Z,2018-12-17T16:07:14Z,5020,13.744,2656
natario1/CameraView,CameraView,natario1,https://github.com/natario1/CameraView,5127,2017-07-18T09:30:33Z,2024-09-03T20:56:02Z,3173,8.6872,568
deathmarine/Luyten,Luyten,deathmarine,https://github.com/deathmarine/Luyten,5118,2013-07-11T10:57:28Z,2024-07-11T07:09:11Z,4641,12.7064,623
tianshiyeben/wgcloud,wgcloud,tianshiyeben,https://github.com/tianshiyeben/wgcloud,5114,2019-01-15T02:02:21Z,2026-02-06T12:14:45Z,2627,7.1923,48
apache/calcite,calcite,apache,https://github.com/apache/calcite,5103,2014-06-25T07:00:07Z,2026-03-26T13:54:51Z,4292,11.7509,0
youlookwhat/DesignPattern,DesignPattern,youlookwhat,https://github.com/youlookwhat/DesignPattern,5100,2016-10-21T10:59:32Z,2022-08-06T13:17:59Z,3443,9.4264,1328
line/armeria,armeria,line,https://github.com/line/armeria,5084,2015-11-16T04:04:01Z,2026-03-26T05:03:48Z,3783,10.3573,0
spring-projects/spring-authorization-server,spring-authorization-server,spring-projects,https://github.com/spring-projects/spring-authorization-server,5083,2020-03-17T17:28:57Z,2026-03-20T01:05:43Z,2200,6.0233,6
sofastack/sofa-boot,sofa-boot,sofastack,https://github.com/sofastack/sofa-boot,5078,2018-04-02T08:28:14Z,2025-11-27T12:16:43Z,2915,7.9808,119
xuexiangjys/XUI,XUI,xuexiangjys,https://github.com/xuexiangjys/XUI,5075,2019-01-07T07:59:02Z,2025-04-23T16:28:32Z,2635,7.2142,337
bisq-network/bisq,bisq,bisq-network,https://github.com/bisq-network/bisq,5068,2014-03-12T09:42:29Z,2026-03-07T17:19:36Z,4397,12.0383,19
OpenTSDB/opentsdb,opentsdb,OpenTSDB,https://github.com/OpenTSDB/opentsdb,5064,2010-08-27T02:05:20Z,2024-12-12T20:03:34Z,5690,15.5784,468
apache/ignite,ignite,apache,https://github.com/apache/ignite,5059,2015-02-19T08:00:05Z,2026-03-26T16:23:56Z,4053,11.0965,0
Sayi/poi-tl,poi-tl,Sayi,https://github.com/Sayi/poi-tl,5051,2015-03-20T06:47:52Z,2026-02-24T03:17:05Z,4024,11.0171,30
Kodezi/Chronos,Chronos,Kodezi,https://github.com/Kodezi/Chronos,5043,2025-07-21T07:34:10Z,2025-11-12T09:53:44Z,248,0.679,134
wequick/Small,Small,wequick,https://github.com/wequick/Small,5042,2015-11-27T11:37:20Z,2023-09-23T13:49:56Z,3772,10.3272,915
2227324689/gpmall,gpmall,2227324689,https://github.com/2227324689/gpmall,5039,2019-07-18T14:09:22Z,2022-12-11T01:19:58Z,2443,6.6886,1201
jankotek/mapdb,mapdb,jankotek,https://github.com/jankotek/mapdb,5037,2012-08-17T15:28:54Z,2024-06-04T19:19:49Z,4969,13.6044,660
javastacks/spring-boot-best-practice,spring-boot-best-practice,javastacks,https://github.com/javastacks/spring-boot-best-practice,5036,2018-11-09T06:23:18Z,2026-03-09T10:02:35Z,2694,7.3758,17
Trinea/android-common,android-common,Trinea,https://github.com/Trinea/android-common,5023,2012-06-19T07:49:46Z,2026-03-25T17:04:15Z,5028,13.7659,1
yipianfengye/android-zxingLibrary,android-zxingLibrary,yipianfengye,https://github.com/yipianfengye/android-zxingLibrary,5018,2016-07-26T08:00:18Z,2021-08-20T19:07:06Z,3530,9.6646,1679
youlookwhat/CloudReader,CloudReader,youlookwhat,https://github.com/youlookwhat/CloudReader,5008,2016-11-20T11:59:25Z,2026-03-09T03:15:29Z,3413,9.3443,17
apache/maven,maven,apache,https://github.com/apache/maven,5000,2009-05-21T03:22:03Z,2026-03-26T06:55:31Z,6153,16.846,0
rubensousa/GravitySnapHelper,GravitySnapHelper,rubensousa,https://github.com/rubensousa/GravitySnapHelper,5000,2016-08-31T07:25:23Z,2026-03-01T00:06:05Z,3494,9.5661,25
ageerle/ruoyi-ai,ruoyi-ai,ageerle,https://github.com/ageerle/ruoyi-ai,4991,2024-01-16T04:16:41Z,2026-03-25T10:52:42Z,800,2.1903,1
JodaOrg/joda-time,joda-time,JodaOrg,https://github.com/JodaOrg/joda-time,4989,2011-05-16T16:49:57Z,2026-03-08T11:10:00Z,5428,14.8611,18
DingMouRen/LayoutManagerGroup,LayoutManagerGroup,DingMouRen,https://github.com/DingMouRen/LayoutManagerGroup,4988,2018-04-28T11:47:38Z,2023-10-11T11:05:47Z,2889,7.9097,897
spring-attic/spring-mvc-showcase,spring-mvc-showcase,spring-attic,https://github.com/spring-attic/spring-mvc-showcase,4985,2011-06-03T15:36:55Z,2022-02-04T23:36:03Z,5410,14.8118,1510
rstudio/rstudio,rstudio,rstudio,https://github.com/rstudio/rstudio,4976,2010-12-07T19:10:25Z,2026-03-26T18:03:46Z,5588,15.2991,0
orhanobut/dialogplus,dialogplus,orhanobut,https://github.com/orhanobut/dialogplus,4975,2014-12-12T09:24:44Z,2022-01-17T09:57:28Z,4122,11.2854,1529
alibaba/UltraViewPager,UltraViewPager,alibaba,https://github.com/alibaba/UltraViewPager,4966,2017-03-29T13:31:53Z,2021-07-14T04:48:51Z,3284,8.9911,1716
spring-cloud/spring-cloud-netflix,spring-cloud-netflix,spring-cloud,https://github.com/spring-cloud/spring-cloud-netflix,4963,2014-07-11T15:46:12Z,2026-03-26T17:42:49Z,4276,11.707,0
roncoo/roncoo-pay,roncoo-pay,roncoo,https://github.com/roncoo/roncoo-pay,4963,2016-07-21T02:46:06Z,2022-12-31T13:23:01Z,3535,9.6783,1181
querydsl/querydsl,querydsl,querydsl,https://github.com/querydsl/querydsl,4960,2011-08-05T06:46:32Z,2026-02-13T11:53:26Z,5347,14.6393,41
frogermcs/InstaMaterial,InstaMaterial,frogermcs,https://github.com/frogermcs/InstaMaterial,4954,2014-11-10T18:56:49Z,2020-09-30T19:55:47Z,4154,11.373,2003
react-native-config/react-native-config,react-native-config,react-native-config,https://github.com/react-native-config/react-native-config,4954,2016-02-23T00:19:11Z,2026-01-21T23:30:58Z,3684,10.0862,63
react-native-webrtc/react-native-webrtc,react-native-webrtc,react-native-webrtc,https://github.com/react-native-webrtc/react-native-webrtc,4949,2015-09-27T10:57:30Z,2026-03-26T14:16:56Z,3833,10.4942,0
orientechnologies/orientdb,orientdb,orientechnologies,https://github.com/orientechnologies/orientdb,4943,2012-12-09T20:33:47Z,2026-03-25T21:52:17Z,4854,13.2895,0
Devlight/NavigationTabBar,NavigationTabBar,Devlight,https://github.com/Devlight/NavigationTabBar,4935,2016-03-29T08:59:27Z,2024-06-09T18:55:50Z,3649,9.9904,655
amitshekhariitbhu/RxJava2-Android-Samples,RxJava2-Android-Samples,amitshekhariitbhu,https://github.com/amitshekhariitbhu/RxJava2-Android-Samples,4926,2016-08-27T08:21:37Z,2026-01-28T09:26:05Z,3498,9.577,57
DiUS/java-faker,java-faker,DiUS,https://github.com/DiUS/java-faker,4925,2011-06-06T01:01:21Z,2024-06-12T07:32:41Z,5407,14.8036,652
HeliBorg/HeliBoard,HeliBoard,HeliBorg,https://github.com/HeliBorg/HeliBoard,4922,2022-03-09T08:38:32Z,2026-03-22T19:12:51Z,1478,4.0465,4
traex/RippleEffect,RippleEffect,traex,https://github.com/traex/RippleEffect,4904,2014-10-14T13:32:51Z,2021-02-04T10:54:44Z,4181,11.447,1876
fuzhengwei/small-spring,small-spring,fuzhengwei,https://github.com/fuzhengwei/small-spring,4899,2021-05-15T06:07:28Z,2023-07-17T12:45:42Z,1776,4.8624,983
cglib/cglib,cglib,cglib,https://github.com/cglib/cglib,4895,2014-03-29T13:48:30Z,2024-08-16T10:22:51Z,4380,11.9918,587
angryip/ipscan,ipscan,angryip,https://github.com/angryip/ipscan,4895,2011-06-28T20:58:48Z,2025-12-01T10:24:22Z,5384,14.7406,115
Ramotion/folding-cell-android,folding-cell-android,Ramotion,https://github.com/Ramotion/folding-cell-android,4894,2016-04-01T11:38:47Z,2022-09-21T05:01:27Z,3646,9.9822,1282
Threekiii/Awesome-POC,Awesome-POC,Threekiii,https://github.com/Threekiii/Awesome-POC,4885,2022-02-20T06:43:22Z,2026-03-23T05:44:44Z,1495,4.0931,3
reactive-streams/reactive-streams-jvm,reactive-streams-jvm,reactive-streams,https://github.com/reactive-streams/reactive-streams-jvm,4872,2014-02-28T13:16:15Z,2024-03-13T03:40:25Z,4409,12.0712,743
zhkl0228/unidbg,unidbg,zhkl0228,https://github.com/zhkl0228/unidbg,4867,2019-02-26T09:32:15Z,2026-03-24T08:34:08Z,2585,7.0773,2
mock-server/mockserver,mockserver,mock-server,https://github.com/mock-server/mockserver,4860,2013-02-26T06:09:52Z,2025-12-19T09:46:57Z,4776,13.076,97
spring-cloud/spring-cloud-gateway,spring-cloud-gateway,spring-cloud,https://github.com/spring-cloud/spring-cloud-gateway,4842,2016-11-16T21:42:51Z,2026-03-26T14:00:35Z,3416,9.3525,0
micrometer-metrics/micrometer,micrometer,micrometer-metrics,https://github.com/micrometer-metrics/micrometer,4833,2017-04-10T21:36:51Z,2026-03-26T18:34:19Z,3271,8.9555,0
mcxiaoke/packer-ng-plugin,packer-ng-plugin,mcxiaoke,https://github.com/mcxiaoke/packer-ng-plugin,4814,2015-11-24T04:08:08Z,2022-06-27T13:21:58Z,3775,10.3354,1368
andkulikov/Transitions-Everywhere,Transitions-Everywhere,andkulikov,https://github.com/andkulikov/Transitions-Everywhere,4798,2014-10-15T03:37:03Z,2020-04-08T09:39:05Z,4180,11.4442,2178
deepjavalibrary/djl,djl,deepjavalibrary,https://github.com/deepjavalibrary/djl,4794,2019-10-29T22:38:54Z,2026-03-21T09:33:17Z,2339,6.4038,5
claritylab/lucida,lucida,claritylab,https://github.com/claritylab/lucida,4790,2014-05-13T17:12:49Z,2022-12-26T20:30:48Z,4335,11.8686,1185
oracle/opengrok,opengrok,oracle,https://github.com/oracle/opengrok,4785,2013-01-07T11:49:18Z,2026-03-02T20:25:39Z,4826,13.2129,23
tuguangquan/mybatis,mybatis,tuguangquan,https://github.com/tuguangquan/mybatis,4776,2014-11-03T04:51:06Z,2022-06-29T19:21:35Z,4161,11.3922,1366
ronmamo/reflections,reflections,ronmamo,https://github.com/ronmamo/reflections,4774,2013-04-16T16:19:26Z,2024-06-17T21:43:09Z,4727,12.9418,646
etsy/AndroidStaggeredGrid,AndroidStaggeredGrid,etsy,https://github.com/etsy/AndroidStaggeredGrid,4771,2013-12-09T19:43:45Z,2023-04-09T20:59:34Z,4490,12.293,1081
tencentmusic/supersonic,supersonic,tencentmusic,https://github.com/tencentmusic/supersonic,4764,2023-06-12T07:23:28Z,2026-03-25T00:50:05Z,1018,2.7871,1
TheoKanning/openai-java,openai-java,TheoKanning,https://github.com/TheoKanning/openai-java,4763,2020-09-15T02:58:52Z,2024-06-06T20:00:23Z,2018,5.525,657
zq2599/blog_demos,blog_demos,zq2599,https://github.com/zq2599/blog_demos,4760,2017-04-09T04:51:56Z,2026-03-09T15:27:30Z,3273,8.961,17
saiwu-bigkoo/Android-ConvenientBanner,Android-ConvenientBanner,saiwu-bigkoo,https://github.com/saiwu-bigkoo/Android-ConvenientBanner,4757,2014-12-23T06:12:33Z,2023-10-10T06:15:41Z,4111,11.2553,898
dromara/dynamic-tp,dynamic-tp,dromara,https://github.com/dromara/dynamic-tp,4754,2022-01-07T16:35:27Z,2026-03-10T15:02:41Z,1539,4.2136,16
nisrulz/android-tips-tricks,android-tips-tricks,nisrulz,https://github.com/nisrulz/android-tips-tricks,4752,2016-08-25T20:27:33Z,2025-06-08T16:59:07Z,3499,9.5797,291
zlt2000/microservices-platform,microservices-platform,zlt2000,https://github.com/zlt2000/microservices-platform,4749,2019-03-07T07:13:37Z,2025-04-28T09:50:09Z,2576,7.0527,332
kyleduo/SwitchButton,SwitchButton,kyleduo,https://github.com/kyleduo/SwitchButton,4746,2014-09-09T07:20:43Z,2023-12-02T12:28:42Z,4216,11.5428,845
grobidOrg/grobid,grobid,grobidOrg,https://github.com/grobidOrg/grobid,4740,2012-09-13T15:48:54Z,2026-03-26T18:16:00Z,4942,13.5305,0
hongyangAndroid/baseAdapter,baseAdapter,hongyangAndroid,https://github.com/hongyangAndroid/baseAdapter,4732,2015-08-03T02:55:51Z,2021-10-13T10:21:40Z,3888,10.6448,1625
saysky/ForestBlog,ForestBlog,saysky,https://github.com/saysky/ForestBlog,4721,2017-10-08T15:27:47Z,2024-07-03T04:38:32Z,3091,8.4627,631
stleary/JSON-java,JSON-java,stleary,https://github.com/stleary/JSON-java,4717,2010-12-21T17:46:09Z,2026-03-26T16:52:50Z,5574,15.2608,0
google/cameraview,cameraview,google,https://github.com/google/cameraview,4713,2016-08-04T05:22:14Z,2020-02-08T13:20:53Z,3521,9.64,2238
spring-attic/spring-security-oauth,spring-security-oauth,spring-attic,https://github.com/spring-attic/spring-security-oauth,4700,2011-07-26T18:08:49Z,2022-05-30T20:10:19Z,5357,14.6667,1395
cjlin1/libsvm,libsvm,cjlin1,https://github.com/cjlin1/libsvm,4696,2013-09-10T14:32:07Z,2025-12-29T11:23:20Z,4580,12.5394,87
hansonwang99/Spring-Boot-In-Action,Spring-Boot-In-Action,hansonwang99,https://github.com/hansonwang99/Spring-Boot-In-Action,4695,2019-01-28T12:56:51Z,2022-12-16T04:38:12Z,2614,7.1567,1196
SPLWare/esProc,esProc,SPLWare,https://github.com/SPLWare/esProc,4692,2021-11-09T15:41:25Z,2026-03-26T07:50:21Z,1598,4.3751,0
charles2gan/GDA-android-reversing-Tool,GDA-android-reversing-Tool,charles2gan,https://github.com/charles2gan/GDA-android-reversing-Tool,4691,2017-10-31T08:18:29Z,2024-05-08T09:19:37Z,3068,8.3997,687
pardom-zz/ActiveAndroid,ActiveAndroid,pardom-zz,https://github.com/pardom-zz/ActiveAndroid,4688,2012-11-15T18:10:45Z,2021-10-15T16:28:24Z,4879,13.358,1623
bytedeco/javacpp,javacpp,bytedeco,https://github.com/bytedeco/javacpp,4687,2014-04-21T12:47:21Z,2026-02-26T04:48:04Z,4357,11.9288,28
jgilfelt/chuck,chuck,jgilfelt,https://github.com/jgilfelt/chuck,4686,2017-02-07T23:51:39Z,2021-12-13T11:44:58Z,3333,9.1253,1564
981011512/--,--,981011512,https://github.com/981011512/--,4684,2020-06-18T22:47:21Z,2025-04-20T02:08:03Z,2106,5.7659,340
bepass-org/oblivion,oblivion,bepass-org,https://github.com/bepass-org/oblivion,4682,2024-02-08T05:50:09Z,2026-03-02T08:44:45Z,777,2.1273,24
Heeexy/SpringBoot-Shiro-Vue,SpringBoot-Shiro-Vue,Heeexy,https://github.com/Heeexy/SpringBoot-Shiro-Vue,4678,2017-11-17T18:49:06Z,2026-02-10T23:25:33Z,3051,8.3532,43
karma9874/AndroRAT,AndroRAT,karma9874,https://github.com/karma9874/AndroRAT,4667,2020-03-22T09:31:28Z,2024-07-17T17:22:43Z,2195,6.0096,617
ant-media/Ant-Media-Server,Ant-Media-Server,ant-media,https://github.com/ant-media/Ant-Media-Server,4653,2017-03-01T08:21:13Z,2026-03-26T15:10:33Z,3312,9.0678,0
JZ-Darkal/AndroidHttpCapture,AndroidHttpCapture,JZ-Darkal,https://github.com/JZ-Darkal/AndroidHttpCapture,4650,2016-10-15T19:48:00Z,2025-07-31T08:25:44Z,3449,9.4428,238
discord-jda/JDA,JDA,discord-jda,https://github.com/discord-jda/JDA,4650,2015-12-12T13:57:32Z,2026-03-24T15:04:42Z,3757,10.2861,2
wdullaer/MaterialDateTimePicker,MaterialDateTimePicker,wdullaer,https://github.com/wdullaer/MaterialDateTimePicker,4642,2015-01-03T19:41:03Z,2022-08-23T14:10:14Z,4100,11.2252,1311
rememberber/WePush,WePush,rememberber,https://github.com/rememberber/WePush,4640,2017-06-23T09:03:36Z,2024-11-28T14:32:24Z,3198,8.7556,483
CalebFenton/simplify,simplify,CalebFenton,https://github.com/CalebFenton/simplify,4638,2014-01-16T05:14:02Z,2022-04-30T12:20:33Z,4452,12.1889,1426
chewiebug/GCViewer,GCViewer,chewiebug,https://github.com/chewiebug/GCViewer,4634,2011-10-23T09:01:04Z,2025-12-06T17:39:34Z,5268,14.423,110
romandanylyk/PageIndicatorView,PageIndicatorView,romandanylyk,https://github.com/romandanylyk/PageIndicatorView,4633,2016-08-20T19:25:32Z,2024-08-09T09:56:50Z,3505,9.5962,594
gabrielemariotti/cardslib,cardslib,gabrielemariotti,https://github.com/gabrielemariotti/cardslib,4632,2013-09-20T21:57:19Z,2021-11-18T19:50:33Z,4569,12.5092,1589
zongzibinbin/MallChat,MallChat,zongzibinbin,https://github.com/zongzibinbin/MallChat,4631,2023-03-16T15:04:35Z,2024-08-19T14:34:44Z,1106,3.0281,584
yasserg/crawler4j,crawler4j,yasserg,https://github.com/yasserg/crawler4j,4630,2011-12-31T22:49:18Z,2021-11-04T08:31:46Z,5198,14.2313,1603
linhaojun857/aurora,aurora,linhaojun857,https://github.com/linhaojun857/aurora,4625,2022-08-19T13:39:16Z,2025-06-10T13:26:50Z,1315,3.6003,289
RedSpider1/concurrent,concurrent,RedSpider1,https://github.com/RedSpider1/concurrent,4621,2018-11-03T13:49:36Z,2024-12-21T08:02:15Z,2700,7.3922,460
h2database/h2database,h2database,h2database,https://github.com/h2database/h2database,4619,2015-04-10T19:09:09Z,2026-01-31T05:09:18Z,4003,10.9596,54
Netflix/ribbon,ribbon,Netflix,https://github.com/Netflix/ribbon,4617,2013-01-15T01:08:04Z,2025-12-17T00:32:09Z,4818,13.191,99
apache/rocketmq-externals,rocketmq-externals,apache,https://github.com/apache/rocketmq-externals,4615,2017-03-14T07:00:06Z,2024-12-09T09:00:27Z,3299,9.0322,472
nICEnnnnnnnLee/BilibiliDown,BilibiliDown,nICEnnnnnnnLee,https://github.com/nICEnnnnnnnLee/BilibiliDown,4605,2019-01-23T06:56:46Z,2026-01-10T13:11:12Z,2619,7.1704,75
objectbox/objectbox-java,objectbox-java,objectbox,https://github.com/objectbox/objectbox-java,4599,2017-01-24T10:29:48Z,2026-03-24T13:55:11Z,3348,9.1663,2
SplashCodes/JAViewer,JAViewer,SplashCodes,https://github.com/SplashCodes/JAViewer,4591,2016-05-21T08:47:10Z,2021-08-22T07:00:24Z,3596,9.8453,1677
hussien89aa/AndroidTutorialForBeginners,AndroidTutorialForBeginners,hussien89aa,https://github.com/hussien89aa/AndroidTutorialForBeginners,4585,2016-09-26T16:36:28Z,2023-08-22T19:24:48Z,3468,9.4949,947
puniverse/quasar,quasar,puniverse,https://github.com/puniverse/quasar,4565,2013-03-27T14:51:24Z,2024-01-21T07:18:32Z,4747,12.9966,795
chentao0707/SimplifyReader,SimplifyReader,chentao0707,https://github.com/chentao0707/SimplifyReader,4559,2015-08-17T08:22:53Z,2021-09-17T06:40:26Z,3874,10.6064,1651
zhanghai/Douya,Douya,zhanghai,https://github.com/zhanghai/Douya,4558,2016-02-01T13:44:19Z,2021-06-14T20:48:22Z,3706,10.1465,1745
ReChronoRain/HyperCeiler,HyperCeiler,ReChronoRain,https://github.com/ReChronoRain/HyperCeiler,4554,2023-10-27T17:17:42Z,2026-03-26T15:12:44Z,881,2.412,0
javagrowing/JGrowing,JGrowing,javagrowing,https://github.com/javagrowing/JGrowing,4552,2019-02-26T01:55:08Z,2020-10-13T13:45:13Z,2585,7.0773,1990
tiann/epic,epic,tiann,https://github.com/tiann/epic,4543,2017-05-22T02:52:44Z,2023-07-22T14:04:07Z,3230,8.8433,978
go-lang-plugin-org/go-lang-idea-plugin,go-lang-idea-plugin,go-lang-plugin-org,https://github.com/go-lang-plugin-org/go-lang-idea-plugin,4540,2010-08-29T08:20:01Z,2018-08-11T19:54:16Z,5688,15.5729,2784
danielzeller/Depth-LIB-Android-,Depth-LIB-Android-,danielzeller,https://github.com/danielzeller/Depth-LIB-Android-,4540,2016-04-27T09:37:28Z,2024-10-31T07:43:00Z,3620,9.911,511
square/sqlbrite,sqlbrite,square,https://github.com/square/sqlbrite,4537,2015-02-19T04:38:37Z,2020-08-17T16:20:56Z,4053,11.0965,2047
jdamcd/android-crop,android-crop,jdamcd,https://github.com/jdamcd/android-crop,4535,2014-03-13T10:24:43Z,2021-06-01T04:07:06Z,4396,12.0356,1759
phishman3579/java-algorithms-implementation,java-algorithms-implementation,phishman3579,https://github.com/phishman3579/java-algorithms-implementation,4532,2013-11-20T03:30:19Z,2022-12-05T03:25:28Z,4509,12.345,1207
201206030/novel-plus,novel-plus,201206030,https://github.com/201206030/novel-plus,4518,2020-05-02T07:15:43Z,2026-02-11T20:12:31Z,2154,5.8973,42
alibaba/dexposed,dexposed,alibaba,https://github.com/alibaba/dexposed,4518,2015-06-30T02:59:16Z,2017-03-29T11:48:10Z,3922,10.7379,3284
jacoco/jacoco,jacoco,jacoco,https://github.com/jacoco/jacoco,4517,2012-07-08T21:45:13Z,2026-03-26T16:31:55Z,5008,13.7112,0
IoT-Technology/IoT-Technical-Guide,IoT-Technical-Guide,IoT-Technology,https://github.com/IoT-Technology/IoT-Technical-Guide,4516,2019-04-02T01:52:44Z,2023-09-05T12:28:00Z,2550,6.9815,933
azkaban/azkaban,azkaban,azkaban,https://github.com/azkaban/azkaban,4515,2012-10-18T01:34:53Z,2024-07-03T06:07:59Z,4907,13.4346,631
castorflex/SmoothProgressBar,SmoothProgressBar,castorflex,https://github.com/castorflex/SmoothProgressBar,4515,2013-11-27T20:32:16Z,2021-05-21T18:02:35Z,4501,12.3231,1770
Flipboard/bottomsheet,bottomsheet,Flipboard,https://github.com/Flipboard/bottomsheet,4506,2015-04-23T17:37:32Z,2019-03-13T10:10:01Z,3990,10.924,2570
Freeyourgadget/Gadgetbridge,Gadgetbridge,Freeyourgadget,https://github.com/Freeyourgadget/Gadgetbridge,4487,2015-01-05T23:19:03Z,2024-12-23T17:24:07Z,4097,11.217,458
HotBitmapGG/bilibili-android-client,bilibili-android-client,HotBitmapGG,https://github.com/HotBitmapGG/bilibili-android-client,4486,2016-06-01T04:36:01Z,2021-03-17T10:25:18Z,3585,9.8152,1835
water8394/flink-recommandSystem-demo,flink-recommandSystem-demo,water8394,https://github.com/water8394/flink-recommandSystem-demo,4473,2019-05-15T07:55:35Z,2024-02-04T08:18:39Z,2507,6.8638,781
JakeWharton/NineOldAndroids,NineOldAndroids,JakeWharton,https://github.com/JakeWharton/NineOldAndroids,4472,2011-12-08T19:46:37Z,2016-04-23T04:31:21Z,5222,14.2971,3624
Meituan-Dianping/Robust,Robust,Meituan-Dianping,https://github.com/Meituan-Dianping/Robust,4468,2017-03-14T10:14:50Z,2022-04-27T10:11:34Z,3299,9.0322,1429
s4kibs4mi/java-developer-roadmap,java-developer-roadmap,s4kibs4mi,https://github.com/s4kibs4mi/java-developer-roadmap,4454,2019-04-23T06:42:13Z,2026-03-15T18:46:28Z,2529,6.924,11
flutter-webrtc/flutter-webrtc,flutter-webrtc,flutter-webrtc,https://github.com/flutter-webrtc/flutter-webrtc,4453,2018-03-07T02:26:03Z,2026-03-24T07:42:57Z,2941,8.052,2
apache/shiro,shiro,apache,https://github.com/apache/shiro,4439,2009-08-29T08:00:17Z,2026-03-24T17:46:38Z,6053,16.5722,2
dreamhead/moco,moco,dreamhead,https://github.com/dreamhead/moco,4432,2012-10-18T09:09:51Z,2026-02-04T14:41:16Z,4907,13.4346,50
janishar/android-mvp-architecture,android-mvp-architecture,janishar,https://github.com/janishar/android-mvp-architecture,4432,2017-01-27T08:39:06Z,2024-04-16T15:28:00Z,3345,9.1581,709
square/android-times-square,android-times-square,square,https://github.com/square/android-times-square,4427,2013-01-30T20:28:27Z,2023-05-28T01:46:37Z,4802,13.1472,1033
Tencent/GT,GT,Tencent,https://github.com/Tencent/GT,4415,2016-01-13T10:29:55Z,2023-04-07T11:42:43Z,3725,10.1985,1084
ThirtyDegreesRay/OpenHub,OpenHub,ThirtyDegreesRay,https://github.com/ThirtyDegreesRay/OpenHub,4397,2017-07-11T13:29:51Z,2024-05-30T14:01:01Z,3180,8.7064,665
Snailclimb/guide-rpc-framework,guide-rpc-framework,Snailclimb,https://github.com/Snailclimb/guide-rpc-framework,4396,2020-05-10T13:24:42Z,2025-09-30T09:52:57Z,2146,5.8754,177
robinhood/ticker,ticker,robinhood,https://github.com/robinhood/ticker,4383,2016-07-15T21:37:52Z,2023-11-23T18:03:23Z,3540,9.692,854
crate/crate,crate,crate,https://github.com/crate/crate,4375,2013-04-10T09:17:16Z,2026-03-26T15:36:54Z,4733,12.9582,0
Querz/mcaselector,mcaselector,Querz,https://github.com/Querz/mcaselector,4365,2018-04-22T22:23:26Z,2026-03-25T00:39:22Z,2894,7.9233,1
pytorch/serve,serve,pytorch,https://github.com/pytorch/serve,4360,2019-10-03T03:17:43Z,2025-08-06T19:17:08Z,2366,6.4778,232
awangdev/leet-code,leet-code,awangdev,https://github.com/awangdev/leet-code,4358,2015-04-25T19:14:09Z,2025-12-07T21:55:43Z,3988,10.9185,108
Ashok-Varma/BottomNavigation,BottomNavigation,Ashok-Varma,https://github.com/Ashok-Varma/BottomNavigation,4358,2016-03-19T19:19:30Z,2020-12-14T10:06:25Z,3659,10.0178,1928
eirslett/frontend-maven-plugin,frontend-maven-plugin,eirslett,https://github.com/eirslett/frontend-maven-plugin,4350,2013-08-30T14:44:38Z,2026-03-25T22:07:39Z,4591,12.5695,0
AsamK/signal-cli,signal-cli,AsamK,https://github.com/AsamK/signal-cli,4343,2015-05-11T10:49:42Z,2026-03-21T21:34:11Z,3972,10.8747,4
mywalkb/LSPosed_mod,LSPosed_mod,mywalkb,https://github.com/mywalkb/LSPosed_mod,4341,2022-03-28T08:05:38Z,2024-09-30T03:52:00Z,1459,3.9945,542
iterate-ch/cyberduck,cyberduck,iterate-ch,https://github.com/iterate-ch/cyberduck,4339,2017-01-20T14:16:34Z,2026-03-26T15:10:12Z,3352,9.1773,0
BoCloud/folib,folib,BoCloud,https://github.com/BoCloud/folib,4325,2025-07-09T06:22:58Z,2025-12-24T08:34:10Z,260,0.7118,92
dragonwell-project/dragonwell8,dragonwell8,dragonwell-project,https://github.com/dragonwell-project/dragonwell8,4321,2019-03-07T02:57:45Z,2026-03-06T06:54:22Z,2576,7.0527,20
jitsi/jitsi,jitsi,jitsi,https://github.com/jitsi/jitsi,4320,2013-04-24T17:37:20Z,2025-07-12T06:34:59Z,4719,12.9199,257
jlegewie/zotfile,zotfile,jlegewie,https://github.com/jlegewie/zotfile,4320,2011-12-30T14:47:42Z,2024-04-16T14:14:46Z,5200,14.2368,709
jeasonlzy/ImagePicker,ImagePicker,jeasonlzy,https://github.com/jeasonlzy/ImagePicker,4311,2016-01-27T17:05:03Z,2020-10-27T06:08:16Z,3711,10.1602,1976
google/open-location-code,open-location-code,google,https://github.com/google/open-location-code,4309,2014-09-30T18:26:35Z,2025-06-20T13:48:21Z,4195,11.4853,279
torakiki/pdfsam,pdfsam,torakiki,https://github.com/torakiki/pdfsam,4307,2013-09-24T11:06:13Z,2026-03-24T14:34:08Z,4566,12.501,2
failsafe-lib/failsafe,failsafe,failsafe-lib,https://github.com/failsafe-lib/failsafe,4307,2015-06-30T00:56:39Z,2025-12-28T01:41:28Z,3922,10.7379,88
bingoogolapple/BGARefreshLayout-Android,BGARefreshLayout-Android,bingoogolapple,https://github.com/bingoogolapple/BGARefreshLayout-Android,4304,2015-05-28T16:17:00Z,2024-12-10T15:34:52Z,3955,10.8282,471
geoserver/geoserver,geoserver,geoserver,https://github.com/geoserver/geoserver,4303,2011-11-10T19:56:06Z,2026-03-26T18:13:39Z,5250,14.3737,0
apache/streampark,streampark,apache,https://github.com/apache/streampark,4301,2019-05-27T05:56:03Z,2026-03-26T14:59:07Z,2495,6.8309,0
JabRef/jabref,jabref,JabRef,https://github.com/JabRef/jabref,4295,2014-03-11T14:48:42Z,2026-03-26T18:36:08Z,4398,12.0411,0
brianway/java-learning,java-learning,brianway,https://github.com/brianway/java-learning,4290,2016-02-09T05:20:58Z,2022-01-08T16:03:06Z,3698,10.1246,1538
apache/fory,fory,apache,https://github.com/apache/fory,4287,2023-04-28T03:57:00Z,2026-03-26T05:12:09Z,1063,2.9103,0
alibaba/fastjson2,fastjson2,alibaba,https://github.com/alibaba/fastjson2,4284,2022-04-17T04:27:24Z,2026-03-15T07:57:43Z,1439,3.9398,11
bjmashibing/InternetArchitect,InternetArchitect,bjmashibing,https://github.com/bjmashibing/InternetArchitect,4281,2019-10-19T16:32:01Z,2022-12-14T20:42:20Z,2350,6.4339,1197
mcxiaoke/android-volley,android-volley,mcxiaoke,https://github.com/mcxiaoke/android-volley,4272,2013-05-21T05:35:26Z,2017-05-15T08:20:04Z,4692,12.846,3237
camunda/camunda-bpm-platform,camunda-bpm-platform,camunda,https://github.com/camunda/camunda-bpm-platform,4268,2013-01-03T10:10:31Z,2025-11-04T07:40:27Z,4830,13.2238,142
ongakuer/CircleIndicator,CircleIndicator,ongakuer,https://github.com/ongakuer/CircleIndicator,4266,2014-07-30T14:02:56Z,2023-05-03T11:02:37Z,4257,11.655,1058
grantland/android-autofittextview,android-autofittextview,grantland,https://github.com/grantland/android-autofittextview,4263,2011-02-14T06:00:52Z,2019-01-12T23:57:12Z,5519,15.1102,2629
aporter/coursera-android,coursera-android,aporter,https://github.com/aporter/coursera-android,4256,2014-01-05T09:55:31Z,2020-10-04T07:21:38Z,4463,12.219,1999
M66B/FairEmail,FairEmail,M66B,https://github.com/M66B/FairEmail,4255,2018-08-02T13:30:25Z,2026-03-19T17:24:52Z,2793,7.6468,7
microsoft/malmo,malmo,microsoft,https://github.com/microsoft/malmo,4253,2016-05-17T14:58:40Z,2025-09-03T13:10:21Z,3600,9.8563,204
mybatis/spring-boot-starter,spring-boot-starter,mybatis,https://github.com/mybatis/spring-boot-starter,4249,2015-09-25T13:05:15Z,2026-03-26T14:12:59Z,3835,10.4997,0
dromara/hmily,hmily,dromara,https://github.com/dromara/hmily,4248,2017-09-28T06:29:01Z,2024-07-14T04:16:31Z,3101,8.4901,620
nining377/dolby_beta,dolby_beta,nining377,https://github.com/nining377/dolby_beta,4247,2020-05-19T12:13:36Z,2024-06-22T07:39:46Z,2137,5.8508,642
zendesk/maxwell,maxwell,zendesk,https://github.com/zendesk/maxwell,4240,2015-02-09T22:06:13Z,2026-02-16T23:37:50Z,4062,11.1211,37
jboss-javassist/javassist,javassist,jboss-javassist,https://github.com/jboss-javassist/javassist,4230,2013-05-24T08:31:32Z,2024-10-03T15:32:31Z,4689,12.8378,539
LibrePDF/OpenPDF,OpenPDF,LibrePDF,https://github.com/LibrePDF/OpenPDF,4218,2016-07-11T15:50:34Z,2026-03-18T06:02:28Z,3545,9.7057,8
JetBrains/fernflower,fernflower,JetBrains,https://github.com/JetBrains/fernflower,4214,2014-10-03T05:00:15Z,2026-03-25T12:02:48Z,4192,11.4771,1
ChadCSong/ShineButton,ShineButton,ChadCSong,https://github.com/ChadCSong/ShineButton,4202,2016-07-05T06:32:26Z,2025-09-08T08:49:03Z,3551,9.7221,199
aws/aws-sdk-java,aws-sdk-java,aws,https://github.com/aws/aws-sdk-java,4198,2010-03-22T23:34:58Z,2026-01-05T23:47:03Z,5847,16.0082,79
yhaolpz/FloatWindow,FloatWindow,yhaolpz,https://github.com/yhaolpz/FloatWindow,4198,2017-11-14T14:33:55Z,2021-10-13T09:50:11Z,3054,8.3614,1625
powermock/powermock,powermock,powermock,https://github.com/powermock/powermock,4187,2014-05-28T07:53:53Z,2024-01-03T18:46:42Z,4320,11.8275,813
Jacksgong/JKeyboardPanelSwitch,JKeyboardPanelSwitch,Jacksgong,https://github.com/Jacksgong/JKeyboardPanelSwitch,4184,2015-07-01T17:42:01Z,2020-08-18T05:13:02Z,3921,10.7351,2046
syncthing/syncthing-android,syncthing-android,syncthing,https://github.com/syncthing/syncthing-android,4183,2014-02-22T17:15:19Z,2024-12-03T21:13:47Z,4415,12.0876,477
hugeterry/CoordinatorTabLayout,CoordinatorTabLayout,hugeterry,https://github.com/hugeterry/CoordinatorTabLayout,4183,2017-01-27T13:40:28Z,2019-12-25T03:38:34Z,3345,9.1581,2283
oddfar/campus-imaotai,campus-imaotai,oddfar,https://github.com/oddfar/campus-imaotai,4183,2023-07-07T10:37:13Z,2025-04-16T09:09:43Z,993,2.7187,344
codingapi/tx-lcn,tx-lcn,codingapi,https://github.com/codingapi/tx-lcn,4182,2017-11-11T03:34:34Z,2023-09-06T07:27:14Z,3057,8.3696,932
jMonkeyEngine/jmonkeyengine,jmonkeyengine,jMonkeyEngine,https://github.com/jMonkeyEngine/jmonkeyengine,4175,2014-03-20T22:29:28Z,2026-03-25T17:08:11Z,4388,12.0137,1
jishenghua/jshERP,jshERP,jishenghua,https://github.com/jishenghua/jshERP,4172,2016-09-20T04:51:39Z,2026-03-26T06:27:25Z,3474,9.5113,0
bingoogolapple/BGABanner-Android,BGABanner-Android,bingoogolapple,https://github.com/bingoogolapple/BGABanner-Android,4167,2014-10-25T17:15:18Z,2024-12-10T17:06:18Z,4170,11.4168,471
googlesamples/mlkit,mlkit,googlesamples,https://github.com/googlesamples/mlkit,4164,2020-05-28T21:40:38Z,2026-01-28T20:32:59Z,2127,5.8234,56
pedrovgs/AndroidWiFiADB,AndroidWiFiADB,pedrovgs,https://github.com/pedrovgs/AndroidWiFiADB,4158,2015-10-18T21:58:45Z,2019-05-23T10:17:28Z,3811,10.4339,2499
lilishop/lilishop,lilishop,lilishop,https://github.com/lilishop/lilishop,4138,2021-05-14T01:28:51Z,2026-01-08T08:37:29Z,1777,4.8652,77
JFormDesigner/FlatLaf,FlatLaf,JFormDesigner,https://github.com/JFormDesigner/FlatLaf,4131,2019-08-19T10:27:05Z,2026-03-10T11:01:26Z,2411,6.601,16
pqpo/SmartCropper,SmartCropper,pqpo,https://github.com/pqpo/SmartCropper,4126,2017-08-03T11:08:41Z,2025-08-14T10:49:23Z,3157,8.6434,224
lukas-krecan/ShedLock,ShedLock,lukas-krecan,https://github.com/lukas-krecan/ShedLock,4121,2016-12-11T13:53:59Z,2026-03-26T17:57:13Z,3392,9.2868,0
gh0stkey/HaE,HaE,gh0stkey,https://github.com/gh0stkey/HaE,4118,2020-03-24T10:12:50Z,2026-03-19T08:45:22Z,2193,6.0041,7
bitcoin-wallet/bitcoin-wallet,bitcoin-wallet,bitcoin-wallet,https://github.com/bitcoin-wallet/bitcoin-wallet,4113,2012-03-31T17:06:47Z,2025-03-05T16:08:48Z,5108,13.9849,386
dinuscxj/LoadingDrawable,LoadingDrawable,dinuscxj,https://github.com/dinuscxj/LoadingDrawable,4106,2016-04-16T07:33:57Z,2017-04-13T09:50:48Z,3631,9.9411,3269
DTStack/chunjun,chunjun,DTStack,https://github.com/DTStack/chunjun,4105,2018-04-03T12:44:58Z,2025-12-02T10:52:15Z,2914,7.9781,114
alibaba/Tangram-Android,Tangram-Android,alibaba,https://github.com/alibaba/Tangram-Android,4103,2017-03-29T13:29:57Z,2021-07-14T04:43:37Z,3284,8.9911,1716
code4craft/tiny-spring,tiny-spring,code4craft,https://github.com/code4craft/tiny-spring,4089,2014-01-10T16:37:57Z,2023-11-27T06:31:02Z,4458,12.2053,850
qunarcorp/bistoury,bistoury,qunarcorp,https://github.com/qunarcorp/bistoury,4087,2019-08-01T07:54:25Z,2022-12-16T08:45:38Z,2429,6.6502,1196
Manabu-GT/ExpandableTextView,ExpandableTextView,Manabu-GT,https://github.com/Manabu-GT/ExpandableTextView,4077,2014-05-17T19:40:15Z,2025-12-12T06:29:59Z,4331,11.8576,104
oblac/jodd,jodd,oblac,https://github.com/oblac/jodd,4075,2012-09-07T20:26:48Z,2024-04-15T19:08:00Z,4947,13.5441,710
orhanobut/hawk,hawk,orhanobut,https://github.com/orhanobut/hawk,4072,2015-02-19T22:25:23Z,2022-07-10T10:09:05Z,4052,11.0938,1355
rubensousa/ViewPagerCards,ViewPagerCards,rubensousa,https://github.com/rubensousa/ViewPagerCards,4069,2016-08-20T15:24:12Z,2026-03-10T21:56:19Z,3505,9.5962,15
jetty/jetty.project,jetty.project,jetty,https://github.com/jetty/jetty.project,4067,2011-07-14T01:11:57Z,2026-03-26T18:59:37Z,5369,14.6995,0
RipMeApp/ripme,ripme,RipMeApp,https://github.com/RipMeApp/ripme,4062,2017-01-06T17:12:09Z,2025-10-03T21:43:10Z,3366,9.2156,173
camunda/camunda,camunda,camunda,https://github.com/camunda/camunda,4056,2016-03-20T03:38:04Z,2026-03-26T19:56:48Z,3658,10.0151,0
knowm/XChange,XChange,knowm,https://github.com/knowm/XChange,4050,2012-02-02T10:48:28Z,2026-02-26T09:42:09Z,5166,14.1437,28
tronprotocol/java-tron,java-tron,tronprotocol,https://github.com/tronprotocol/java-tron,4047,2017-12-26T10:20:38Z,2026-03-26T08:58:43Z,3012,8.2464,0
luckybilly/CC,CC,luckybilly,https://github.com/luckybilly/CC,4046,2017-11-23T16:26:33Z,2023-10-11T01:51:19Z,3045,8.3368,897
Creators-of-Create/Create,Create,Creators-of-Create,https://github.com/Creators-of-Create/Create,4036,2019-07-18T08:27:10Z,2026-03-19T17:27:19Z,2443,6.6886,7
uber/NullAway,NullAway,uber,https://github.com/uber/NullAway,4025,2017-09-01T17:35:57Z,2026-03-26T17:18:16Z,3128,8.564,0
freeplane/freeplane,freeplane,freeplane,https://github.com/freeplane/freeplane,4021,2012-09-13T08:55:51Z,2026-03-18T18:51:41Z,4942,13.5305,8
xcltapestry/XCL-Charts,XCL-Charts,xcltapestry,https://github.com/xcltapestry/XCL-Charts,4021,2014-06-09T15:44:50Z,2017-07-07T03:10:05Z,4308,11.7947,3184
oldmanpushcart/greys-anatomy,greys-anatomy,oldmanpushcart,https://github.com/oldmanpushcart/greys-anatomy,4019,2012-11-21T19:39:35Z,2022-10-25T03:24:47Z,4873,13.3415,1248
BoltsFramework/Bolts-Android,Bolts-Android,BoltsFramework,https://github.com/BoltsFramework/Bolts-Android,4019,2014-01-30T04:58:14Z,2019-03-11T14:59:13Z,4438,12.1506,2572
jbloch/effective-java-3e-source-code,effective-java-3e-source-code,jbloch,https://github.com/jbloch/effective-java-3e-source-code,4015,2018-08-03T20:48:35Z,2020-10-28T20:11:11Z,2791,7.6413,1974
awaitility/awaitility,awaitility,awaitility,https://github.com/awaitility/awaitility,4002,2010-01-22T15:12:52Z,2025-02-26T12:20:50Z,5907,16.1725,393
makovkastar/FloatingActionButton,FloatingActionButton,makovkastar,https://github.com/makovkastar/FloatingActionButton,3998,2014-07-22T13:29:55Z,2023-05-28T15:33:21Z,4265,11.6769,1033
NotFound9/interviewGuide,interviewGuide,NotFound9,https://github.com/NotFound9/interviewGuide,3995,2016-04-20T07:17:09Z,2023-08-07T06:26:02Z,3627,9.9302,962
Yalantis/Phoenix,Phoenix,Yalantis,https://github.com/Yalantis/Phoenix,3991,2015-01-12T14:11:20Z,2022-09-22T09:40:03Z,4091,11.2005,1281
lcodecorex/TwinklingRefreshLayout,TwinklingRefreshLayout,lcodecorex,https://github.com/lcodecorex/TwinklingRefreshLayout,3990,2016-03-02T12:11:56Z,2023-03-27T03:44:19Z,3676,10.0643,1095
JeremyLiao/LiveEventBus,LiveEventBus,JeremyLiao,https://github.com/JeremyLiao/LiveEventBus,3987,2018-07-11T07:36:59Z,2024-05-16T10:16:52Z,2815,7.707,679
Piasy/BigImageViewer,BigImageViewer,Piasy,https://github.com/Piasy/BigImageViewer,3987,2016-11-06T09:55:02Z,2022-12-12T00:31:21Z,3427,9.3826,1200
fishercoder1534/Leetcode,Leetcode,fishercoder1534,https://github.com/fishercoder1534/Leetcode,3980,2016-07-31T05:28:15Z,2025-10-13T23:34:18Z,3525,9.6509,163
pingfangushi/screw,screw,pingfangushi,https://github.com/pingfangushi/screw,3976,2020-06-21T11:37:06Z,2023-04-13T06:37:44Z,2104,5.7604,1078
qstumn/BadgeView,BadgeView,qstumn,https://github.com/qstumn/BadgeView,3972,2017-02-08T02:01:39Z,2021-03-30T01:28:09Z,3333,9.1253,1822
mouredev/hello-java,hello-java,mouredev,https://github.com/mouredev/hello-java,3972,2025-03-25T11:15:12Z,2025-07-09T12:25:11Z,366,1.0021,260
mercyblitz/tech-weekly,tech-weekly,mercyblitz,https://github.com/mercyblitz/tech-weekly,3971,2018-12-03T03:10:52Z,2025-05-30T00:39:21Z,2670,7.3101,300
rovo89/XposedInstaller,XposedInstaller,rovo89,https://github.com/rovo89/XposedInstaller,3971,2012-04-02T20:33:05Z,2023-05-26T01:14:08Z,5105,13.9767,1035
zzhoujay/RichText,RichText,zzhoujay,https://github.com/zzhoujay/RichText,3963,2015-07-21T09:36:01Z,2024-07-10T02:45:37Z,3901,10.6804,624
Dimezis/BlurView,BlurView,Dimezis,https://github.com/Dimezis/BlurView,3963,2016-04-21T16:00:07Z,2025-11-14T09:51:52Z,3626,9.9274,132
google/bundletool,bundletool,google,https://github.com/google/bundletool,3961,2018-05-04T07:24:09Z,2025-12-15T20:10:39Z,2883,7.8932,100
shuzijun/leetcode-editor,leetcode-editor,shuzijun,https://github.com/shuzijun/leetcode-editor,3960,2019-03-19T16:32:17Z,2025-10-31T09:11:42Z,2564,7.0198,146
binIoter/GuideView,GuideView,binIoter,https://github.com/binIoter/GuideView,3954,2016-06-19T08:52:25Z,2023-05-28T16:36:55Z,3567,9.7659,1033
kubernetes-client/java,java,kubernetes-client,https://github.com/kubernetes-client/java,3954,2017-05-08T21:52:58Z,2026-03-26T18:16:26Z,3243,8.8789,0
linyiqun/DataMiningAlgorithm,DataMiningAlgorithm,linyiqun,https://github.com/linyiqun/DataMiningAlgorithm,3951,2015-01-11T02:50:28Z,2016-03-26T13:15:34Z,4092,11.2033,3652
promeG/TinyPinyin,TinyPinyin,promeG,https://github.com/promeG/TinyPinyin,3938,2015-09-30T03:24:50Z,2024-11-25T06:53:20Z,3830,10.486,486
JoanZapata/android-iconify,android-iconify,JoanZapata,https://github.com/JoanZapata/android-iconify,3932,2013-06-12T11:42:01Z,2022-11-17T00:11:55Z,4670,12.7858,1225
rengwuxian/RxJavaSamples,RxJavaSamples,rengwuxian,https://github.com/rengwuxian/RxJavaSamples,3924,2016-03-24T13:08:10Z,2018-01-16T14:39:53Z,3654,10.0041,2991
sofastack/sofa-rpc,sofa-rpc,sofastack,https://github.com/sofastack/sofa-rpc,3923,2018-04-09T03:32:04Z,2026-03-26T11:45:12Z,2908,7.9617,0
VaughnVernon/IDDD_Samples,IDDD_Samples,VaughnVernon,https://github.com/VaughnVernon/IDDD_Samples,3921,2013-04-08T22:12:57Z,2023-09-09T17:02:35Z,4734,12.961,929
amirzaidi/Launcher3,Launcher3,amirzaidi,https://github.com/amirzaidi/Launcher3,3907,2017-05-30T12:53:32Z,2022-08-24T13:51:46Z,3222,8.8214,1310
databricks/learning-spark,learning-spark,databricks,https://github.com/databricks/learning-spark,3900,2014-06-16T04:47:54Z,2025-07-12T00:50:48Z,4301,11.7755,257
shopizer-ecommerce/shopizer,shopizer,shopizer-ecommerce,https://github.com/shopizer-ecommerce/shopizer,3900,2012-11-21T03:42:39Z,2025-03-23T16:16:56Z,4873,13.3415,368
bluelinelabs/Conductor,Conductor,bluelinelabs,https://github.com/bluelinelabs/Conductor,3900,2016-03-16T18:42:41Z,2026-03-14T00:59:18Z,3662,10.026,12
JavaNoober/BackgroundLibrary,BackgroundLibrary,JavaNoober,https://github.com/JavaNoober/BackgroundLibrary,3895,2018-09-09T08:52:45Z,2023-03-09T06:06:43Z,2755,7.5428,1113
Exrick/xboot,xboot,Exrick,https://github.com/Exrick/xboot,3892,2018-04-23T14:44:18Z,2023-06-14T22:44:01Z,2894,7.9233,1015
alibaba/jstorm,jstorm,alibaba,https://github.com/alibaba/jstorm,3885,2013-09-03T03:53:16Z,2023-06-16T07:13:49Z,4587,12.5585,1014
vipulasri/Timeline-View,Timeline-View,vipulasri,https://github.com/vipulasri/Timeline-View,3882,2015-12-15T14:55:04Z,2025-02-16T18:54:23Z,3754,10.2779,403
wendux/DSBridge-Android,DSBridge-Android,wendux,https://github.com/wendux/DSBridge-Android,3880,2017-01-02T11:58:53Z,2020-09-11T06:36:58Z,3370,9.2266,2022
react-native-share/react-native-share,react-native-share,react-native-share,https://github.com/react-native-share/react-native-share,3877,2015-09-30T02:27:34Z,2026-03-25T22:25:41Z,3830,10.486,0
ZHENFENG13/My-Blog,My-Blog,ZHENFENG13,https://github.com/ZHENFENG13/My-Blog,3877,2019-03-04T09:17:00Z,2024-03-07T06:31:25Z,2579,7.0609,749
RikkaApps/Sui,Sui,RikkaApps,https://github.com/RikkaApps/Sui,3870,2021-01-03T08:26:16Z,2024-08-12T04:30:55Z,1908,5.2238,591
watabou/pixel-dungeon,pixel-dungeon,watabou,https://github.com/watabou/pixel-dungeon,3861,2014-07-26T17:34:32Z,2019-07-23T09:09:27Z,4261,11.666,2438
timehop/sticky-headers-recyclerview,sticky-headers-recyclerview,timehop,https://github.com/timehop/sticky-headers-recyclerview,3856,2014-10-03T01:57:46Z,2018-10-24T21:23:54Z,4192,11.4771,2709
yanzhenjie/AndServer,AndServer,yanzhenjie,https://github.com/yanzhenjie/AndServer,3855,2016-06-14T00:52:52Z,2023-06-07T08:04:09Z,3572,9.7796,1023
emanuele-f/PCAPdroid,PCAPdroid,emanuele-f,https://github.com/emanuele-f/PCAPdroid,3855,2020-01-06T18:11:27Z,2026-03-19T18:53:27Z,2271,6.2177,7
yacy/yacy_search_server,yacy_search_server,yacy,https://github.com/yacy/yacy_search_server,3854,2015-03-22T12:54:20Z,2026-03-26T17:45:16Z,4022,11.0116,0
uncle-novel/uncle-novel,uncle-novel,uncle-novel,https://github.com/uncle-novel/uncle-novel,3846,2018-12-11T12:15:30Z,2026-03-26T03:23:26Z,2662,7.2882,0
RoaringBitmap/RoaringBitmap,RoaringBitmap,RoaringBitmap,https://github.com/RoaringBitmap/RoaringBitmap,3845,2013-06-17T20:29:23Z,2026-03-17T16:52:22Z,4664,12.7693,9
MovingBlocks/Terasology,Terasology,MovingBlocks,https://github.com/MovingBlocks/Terasology,3845,2011-03-04T03:49:19Z,2026-03-11T00:54:03Z,5501,15.0609,15
spotbugs/spotbugs,spotbugs,spotbugs,https://github.com/spotbugs/spotbugs,3843,2016-11-04T22:18:08Z,2026-03-25T18:15:52Z,3428,9.3854,1
MiguelCatalan/MaterialSearchView,MaterialSearchView,MiguelCatalan,https://github.com/MiguelCatalan/MaterialSearchView,3828,2015-09-14T17:13:46Z,2020-07-24T16:31:11Z,3846,10.5298,2071
aurelhubert/ahbottomnavigation,ahbottomnavigation,aurelhubert,https://github.com/aurelhubert/ahbottomnavigation,3825,2016-03-17T12:17:56Z,2021-07-10T21:57:52Z,3661,10.0233,1719
happydog-intj/CircleProgress,CircleProgress,happydog-intj,https://github.com/happydog-intj/CircleProgress,3816,2014-10-30T16:14:42Z,2021-10-09T08:07:36Z,4165,11.4031,1629
JCTools/JCTools,JCTools,JCTools,https://github.com/JCTools/JCTools,3810,2013-11-10T18:04:40Z,2026-03-19T19:46:41Z,4519,12.3723,7
sofastack/sofa-jraft,sofa-jraft,sofastack,https://github.com/sofastack/sofa-jraft,3800,2019-03-04T10:13:43Z,2026-03-11T04:19:27Z,2579,7.0609,15
blossom-editor/blossom,blossom,blossom-editor,https://github.com/blossom-editor/blossom,3796,2023-08-07T03:02:17Z,2025-12-23T23:00:05Z,962,2.6338,92
sunfusheng/MarqueeView,MarqueeView,sunfusheng,https://github.com/sunfusheng/MarqueeView,3790,2016-06-01T06:50:46Z,2020-11-11T01:33:50Z,3585,9.8152,1961
mcxtzhang/SwipeDelMenuLayout,SwipeDelMenuLayout,mcxtzhang,https://github.com/mcxtzhang/SwipeDelMenuLayout,3788,2016-08-25T08:10:45Z,2020-01-02T06:03:55Z,3500,9.5825,2275
yanzhenjie/NoHttp,NoHttp,yanzhenjie,https://github.com/yanzhenjie/NoHttp,3786,2015-07-29T06:11:12Z,2018-07-30T01:23:31Z,3893,10.6585,2796
tchiotludo/akhq,akhq,tchiotludo,https://github.com/tchiotludo/akhq,3783,2018-09-09T19:35:39Z,2026-03-25T23:39:25Z,2755,7.5428,0
rbmonster/learning-note,learning-note,rbmonster,https://github.com/rbmonster/learning-note,3783,2020-06-15T16:47:25Z,2026-03-17T20:50:45Z,2110,5.7769,8
zhpanvip/BannerViewPager,BannerViewPager,zhpanvip,https://github.com/zhpanvip/BannerViewPager,3778,2017-03-28T09:11:11Z,2026-03-19T03:39:05Z,3285,8.9938,7
NotHarshhaa/DevOps-Projects,DevOps-Projects,NotHarshhaa,https://github.com/NotHarshhaa/DevOps-Projects,3774,2023-08-09T04:19:38Z,2026-03-15T05:52:01Z,960,2.6283,11
mpusher/mpush,mpush,mpusher,https://github.com/mpusher/mpush,3774,2016-04-28T01:43:19Z,2022-06-17T01:50:04Z,3619,9.9083,1378
apache/kylin,kylin,apache,https://github.com/apache/kylin,3766,2015-01-03T08:00:05Z,2026-03-13T08:55:11Z,4100,11.2252,13
lygttpod/SuperTextView,SuperTextView,lygttpod,https://github.com/lygttpod/SuperTextView,3765,2016-10-19T04:06:54Z,2021-06-15T11:35:48Z,3445,9.4319,1745
CameraKit/blurkit-android,blurkit-android,CameraKit,https://github.com/CameraKit/blurkit-android,3763,2016-11-06T03:14:58Z,2021-04-03T23:18:57Z,3427,9.3826,1817
Ereza/CustomActivityOnCrash,CustomActivityOnCrash,Ereza,https://github.com/Ereza/CustomActivityOnCrash,3762,2014-07-04T19:46:21Z,2024-05-17T08:29:02Z,4283,11.7262,678
helidon-io/helidon,helidon,helidon-io,https://github.com/helidon-io/helidon,3760,2018-08-27T11:03:52Z,2026-03-25T22:38:26Z,2768,7.5784,0
undertow-io/undertow,undertow,undertow-io,https://github.com/undertow-io/undertow,3746,2012-07-19T00:52:44Z,2026-03-24T14:39:07Z,4998,13.6838,2
Atmosphere/atmosphere,atmosphere,Atmosphere,https://github.com/Atmosphere/atmosphere,3745,2010-06-30T14:26:23Z,2026-03-26T19:39:45Z,5748,15.7372,0
jtablesaw/tablesaw,tablesaw,jtablesaw,https://github.com/jtablesaw/tablesaw,3745,2016-01-01T14:58:28Z,2026-03-02T01:13:06Z,3737,10.2313,24
roboguice/roboguice,roboguice,roboguice,https://github.com/roboguice/roboguice,3744,2012-08-12T20:37:19Z,2017-01-19T21:02:22Z,4973,13.6153,3352
FCL-Team/FoldCraftLauncher,FoldCraftLauncher,FCL-Team,https://github.com/FCL-Team/FoldCraftLauncher,3742,2022-10-19T10:12:18Z,2026-03-26T09:49:07Z,1254,3.4333,0
Netflix/maestro,maestro,Netflix,https://github.com/Netflix/maestro,3742,2024-04-17T01:15:56Z,2026-03-24T23:50:57Z,708,1.9384,1
portfolio-performance/portfolio,portfolio,portfolio-performance,https://github.com/portfolio-performance/portfolio,3733,2012-03-24T09:43:08Z,2026-03-22T19:04:57Z,5115,14.0041,4
lihangleo2/ShadowLayout,ShadowLayout,lihangleo2,https://github.com/lihangleo2/ShadowLayout,3731,2019-07-09T07:17:06Z,2026-02-10T06:55:53Z,2452,6.7132,44
andOTP/andOTP,andOTP,andOTP,https://github.com/andOTP/andOTP,3730,2017-07-05T11:39:52Z,2022-06-14T05:44:55Z,3186,8.7228,1381
coderbruis/JavaSourceCodeLearning,JavaSourceCodeLearning,coderbruis,https://github.com/coderbruis/JavaSourceCodeLearning,3730,2020-06-02T13:34:20Z,2022-05-31T10:26:51Z,2123,5.8125,1395
ethanhua/Skeleton,Skeleton,ethanhua,https://github.com/ethanhua/Skeleton,3724,2017-07-30T06:42:39Z,2021-07-31T07:30:24Z,3161,8.6543,1699
stfalcon-studio/ChatKit,ChatKit,stfalcon-studio,https://github.com/stfalcon-studio/ChatKit,3722,2017-02-02T09:37:15Z,2022-05-23T20:11:06Z,3339,9.1417,1402
HelloWorld521/Java,Java,HelloWorld521,https://github.com/HelloWorld521/Java,3715,2016-12-08T14:01:46Z,2024-08-08T12:55:41Z,3395,9.295,595
DataLinkDC/dinky,dinky,DataLinkDC,https://github.com/DataLinkDC/dinky,3713,2021-06-09T07:11:26Z,2026-03-21T06:35:18Z,1751,4.794,5
willowtreeapps/spruce-android,spruce-android,willowtreeapps,https://github.com/willowtreeapps/spruce-android,3712,2017-02-23T20:34:18Z,2021-02-09T01:00:46Z,3317,9.0815,1871
liuyubobobo/Play-with-Algorithms,Play-with-Algorithms,liuyubobobo,https://github.com/liuyubobobo/Play-with-Algorithms,3710,2016-07-05T18:16:22Z,2021-12-12T18:48:29Z,3551,9.7221,1565
OpenHFT/Chronicle-Queue,Chronicle-Queue,OpenHFT,https://github.com/OpenHFT/Chronicle-Queue,3706,2013-06-02T15:11:33Z,2026-03-26T17:57:31Z,4680,12.8131,0
grpc-ecosystem/grpc-spring,grpc-spring,grpc-ecosystem,https://github.com/grpc-ecosystem/grpc-spring,3706,2016-12-30T09:06:15Z,2026-03-26T12:42:52Z,3373,9.2348,0
ByteLegend/ByteLegend,ByteLegend,ByteLegend,https://github.com/ByteLegend/ByteLegend,3705,2021-02-01T10:11:30Z,2023-08-17T06:26:58Z,1879,5.1444,952
ryanhoo/StylishMusicPlayer,StylishMusicPlayer,ryanhoo,https://github.com/ryanhoo/StylishMusicPlayer,3700,2016-09-13T14:38:32Z,2020-05-13T16:42:12Z,3481,9.5305,2143
dromara/liteflow,liteflow,dromara,https://github.com/dromara/liteflow,3698,2020-03-25T16:49:22Z,2026-01-22T07:44:23Z,2192,6.0014,63
dingjikerbo/Android-BluetoothKit,Android-BluetoothKit,dingjikerbo,https://github.com/dingjikerbo/Android-BluetoothKit,3695,2015-10-08T09:07:33Z,2023-04-25T06:02:54Z,3822,10.4641,1066
FasterXML/jackson-databind,jackson-databind,FasterXML,https://github.com/FasterXML/jackson-databind,3694,2011-12-23T07:17:41Z,2026-03-25T23:35:46Z,5207,14.256,0
IrisShaders/Iris,Iris,IrisShaders,https://github.com/IrisShaders/Iris,3692,2020-10-22T20:21:12Z,2026-03-26T02:03:21Z,1980,5.4209,0
DependencyTrack/dependency-track,dependency-track,DependencyTrack,https://github.com/DependencyTrack/dependency-track,3690,2013-07-16T19:16:43Z,2026-03-25T14:57:35Z,4636,12.6927,1
microservices-patterns/ftgo-application,ftgo-application,microservices-patterns,https://github.com/microservices-patterns/ftgo-application,3690,2017-10-23T04:30:04Z,2026-03-13T01:11:04Z,3076,8.4216,13
springdoc/springdoc-openapi,springdoc-openapi,springdoc,https://github.com/springdoc/springdoc-openapi,3689,2019-07-11T23:08:20Z,2026-03-19T21:46:27Z,2449,6.705,6
apache/incubator-heron,incubator-heron,apache,https://github.com/apache/incubator-heron,3687,2015-09-25T16:09:24Z,2023-03-01T15:11:08Z,3835,10.4997,1121
1024-lab/smart-admin,smart-admin,1024-lab,https://github.com/1024-lab/smart-admin,3687,2019-11-16T02:30:31Z,2026-03-02T03:53:47Z,2322,6.3573,24
Mojang/brigadier,brigadier,Mojang,https://github.com/Mojang/brigadier,3680,2014-09-15T08:48:24Z,2024-08-15T19:29:48Z,4210,11.5264,588
linkedin/databus,databus,linkedin,https://github.com/linkedin/databus,3678,2012-12-17T17:49:17Z,2023-09-28T17:53:01Z,4847,13.2704,910
networknt/light-4j,light-4j,networknt,https://github.com/networknt/light-4j,3677,2016-09-09T22:28:14Z,2026-03-26T16:39:08Z,3484,9.5387,0
Haleydu/Cimoc,Cimoc,Haleydu,https://github.com/Haleydu/Cimoc,3675,2020-07-09T03:09:02Z,2021-09-24T06:27:01Z,2086,5.7112,1644
lisawray/groupie,groupie,lisawray,https://github.com/lisawray/groupie,3668,2016-09-01T20:59:35Z,2023-10-03T04:12:10Z,3492,9.5606,905
yangfuhai/ASimpleCache,ASimpleCache,yangfuhai,https://github.com/yangfuhai/ASimpleCache,3666,2013-07-28T13:50:59Z,2020-07-25T03:29:18Z,4624,12.6598,2070
mbechler/marshalsec,marshalsec,mbechler,https://github.com/mbechler/marshalsec,3665,2017-05-22T11:43:57Z,2025-01-09T19:07:14Z,3230,8.8433,441
google/rejoiner,rejoiner,google,https://github.com/google/rejoiner,3664,2017-12-06T19:09:53Z,2023-06-13T22:58:03Z,3032,8.3012,1016
spring-io/initializr,initializr,spring-io,https://github.com/spring-io/initializr,3659,2013-06-07T16:02:22Z,2026-03-25T07:17:49Z,4675,12.7995,1
KunMinX/Linkage-RecyclerView,Linkage-RecyclerView,KunMinX,https://github.com/KunMinX/Linkage-RecyclerView,3659,2019-04-22T04:39:46Z,2023-03-17T14:54:03Z,2530,6.9268,1105
dropbox/hackpad,hackpad,dropbox,https://github.com/dropbox/hackpad,3659,2015-08-14T02:32:17Z,2023-05-22T20:06:37Z,3877,10.6146,1038
anggrayudi/android-hidden-api,android-hidden-api,anggrayudi,https://github.com/anggrayudi/android-hidden-api,3658,2015-09-16T11:58:33Z,2025-01-17T11:02:07Z,3844,10.5243,433
apache/tika,tika,apache,https://github.com/apache/tika,3658,2009-05-21T02:12:11Z,2026-03-26T10:27:05Z,6153,16.846,0
fyhertz/libstreaming,libstreaming,fyhertz,https://github.com/fyhertz/libstreaming,3656,2013-01-30T21:24:47Z,2023-01-26T08:55:11Z,4802,13.1472,1155
huburt-Hu/NewbieGuide,NewbieGuide,huburt-Hu,https://github.com/huburt-Hu/NewbieGuide,3645,2017-07-28T06:54:05Z,2024-02-18T03:21:03Z,3163,8.6598,767
TNG/ArchUnit,ArchUnit,TNG,https://github.com/TNG/ArchUnit,3641,2017-04-21T08:39:20Z,2026-03-24T11:30:36Z,3261,8.9281,2
fabric8io/kubernetes-client,kubernetes-client,fabric8io,https://github.com/fabric8io/kubernetes-client,3637,2015-07-09T15:43:13Z,2026-03-26T12:06:54Z,3913,10.7132,0
litesuits/android-common,android-common,litesuits,https://github.com/litesuits/android-common,3630,2014-05-29T08:08:00Z,2017-09-06T00:23:05Z,4319,11.8248,3123
spockframework/spock,spock,spockframework,https://github.com/spockframework/spock,3625,2010-12-12T19:02:34Z,2026-03-26T17:05:23Z,5583,15.2854,0
alibaba/Alink,Alink,alibaba,https://github.com/alibaba/Alink,3620,2018-09-30T06:36:11Z,2024-06-07T14:56:29Z,2734,7.4853,657
PlexPt/chatgpt-java,chatgpt-java,PlexPt,https://github.com/PlexPt/chatgpt-java,3619,2022-12-07T04:55:33Z,2025-11-29T16:41:52Z,1205,3.2991,117
dtinit/data-transfer-project,data-transfer-project,dtinit,https://github.com/dtinit/data-transfer-project,3610,2018-01-04T21:27:57Z,2026-03-18T08:04:23Z,3002,8.219,8
rockerhieu/emojicon,emojicon,rockerhieu,https://github.com/rockerhieu/emojicon,3608,2014-01-18T12:32:38Z,2020-06-13T00:51:58Z,4450,12.1834,2112
hmkcode/Android,Android,hmkcode,https://github.com/hmkcode/Android,3605,2013-09-02T16:12:28Z,2023-12-24T16:53:32Z,4588,12.5613,823
oasisfeng/island,island,oasisfeng,https://github.com/oasisfeng/island,3603,2016-04-23T11:30:18Z,2025-04-24T14:46:04Z,3624,9.922,336
googlemaps/android-maps-utils,android-maps-utils,googlemaps,https://github.com/googlemaps/android-maps-utils,3602,2013-05-17T00:08:48Z,2026-03-26T18:20:24Z,4696,12.8569,0
Nekogram/Nekogram,Nekogram,Nekogram,https://github.com/Nekogram/Nekogram,3595,2023-09-10T07:07:51Z,2026-03-19T04:10:53Z,928,2.5407,7
termux/termux-api,termux-api,termux,https://github.com/termux/termux-api,3593,2015-07-03T00:57:59Z,2025-12-15T13:05:42Z,3919,10.7296,101
cSploit/android,android,cSploit,https://github.com/cSploit/android,3592,2014-10-04T05:53:29Z,2024-04-27T22:17:26Z,4191,11.4743,697
apache/logging-log4j2,logging-log4j2,apache,https://github.com/apache/logging-log4j2,3588,2013-06-12T07:00:19Z,2026-03-26T08:36:53Z,4670,12.7858,0
tyrantgit/ExplosionField,ExplosionField,tyrantgit,https://github.com/tyrantgit/ExplosionField,3585,2015-09-23T11:34:50Z,2017-01-17T08:06:52Z,3837,10.5051,3355
vert-x3/vertx-examples,vertx-examples,vert-x3,https://github.com/vert-x3/vertx-examples,3584,2015-02-24T17:42:44Z,2026-03-26T12:49:06Z,4048,11.0828,0
WVector/AppUpdate,AppUpdate,WVector,https://github.com/WVector/AppUpdate,3582,2017-06-19T09:38:42Z,2021-01-19T15:33:36Z,3202,8.7666,1892
kikoso/android-stackblur,android-stackblur,kikoso,https://github.com/kikoso/android-stackblur,3582,2013-08-15T14:44:32Z,2023-05-28T15:32:32Z,4606,12.6105,1033
AxonFramework/AxonFramework,AxonFramework,AxonFramework,https://github.com/AxonFramework/AxonFramework,3570,2011-12-02T16:04:42Z,2026-03-26T18:51:56Z,5228,14.3135,0
davideas/FlexibleAdapter,FlexibleAdapter,davideas,https://github.com/davideas/FlexibleAdapter,3570,2015-05-02T22:00:43Z,2026-03-14T10:36:55Z,3980,10.8966,12
dongjunkun/DropDownMenu,DropDownMenu,dongjunkun,https://github.com/dongjunkun/DropDownMenu,3567,2015-06-23T07:43:56Z,2022-02-18T09:26:17Z,3929,10.757,1497
LinShunKang/MyPerf4J,MyPerf4J,LinShunKang,https://github.com/LinShunKang/MyPerf4J,3566,2018-03-11T09:58:44Z,2025-11-16T13:23:54Z,2937,8.0411,130
JakeWharton/ThreeTenABP,ThreeTenABP,JakeWharton,https://github.com/JakeWharton/ThreeTenABP,3558,2015-07-03T17:35:09Z,2025-08-22T03:29:53Z,3919,10.7296,216
code4craft/netty-learning,netty-learning,code4craft,https://github.com/code4craft/netty-learning,3554,2013-09-19T02:24:25Z,2017-02-07T08:39:36Z,4571,12.5147,3334
bilibili/MagicaSakura,MagicaSakura,bilibili,https://github.com/bilibili/MagicaSakura,3552,2016-06-23T07:54:59Z,2022-02-16T08:39:50Z,3563,9.755,1499
immutables/immutables,immutables,immutables,https://github.com/immutables/immutables,3548,2013-07-07T13:48:23Z,2026-03-22T17:04:07Z,4645,12.7173,4
dariuszseweryn/RxAndroidBle,RxAndroidBle,dariuszseweryn,https://github.com/dariuszseweryn/RxAndroidBle,3547,2016-02-04T13:42:02Z,2025-06-06T20:33:07Z,3703,10.1383,292
Netflix/concurrency-limits,concurrency-limits,Netflix,https://github.com/Netflix/concurrency-limits,3546,2017-12-11T19:32:41Z,2026-01-16T00:05:22Z,3027,8.2875,69
johncarl81/parceler,parceler,johncarl81,https://github.com/johncarl81/parceler,3538,2013-07-03T02:53:01Z,2022-05-20T20:48:57Z,4649,12.7283,1405
arimorty/floatingsearchview,floatingsearchview,arimorty,https://github.com/arimorty/floatingsearchview,3534,2015-11-22T02:38:32Z,2022-08-28T17:46:50Z,3777,10.3409,1306
spring-cloud/spring-cloud-kubernetes,spring-cloud-kubernetes,spring-cloud,https://github.com/spring-cloud/spring-cloud-kubernetes,3532,2016-12-13T21:36:25Z,2026-03-26T18:57:01Z,3389,9.2786,0
Guardsquare/proguard,proguard,Guardsquare,https://github.com/Guardsquare/proguard,3532,2019-03-27T16:35:35Z,2026-03-18T07:56:40Z,2556,6.9979,8
M66B/NetGuard,NetGuard,M66B,https://github.com/M66B/NetGuard,3531,2015-10-24T17:59:20Z,2026-01-30T17:36:43Z,3806,10.4203,55
luontola/retrolambda,retrolambda,luontola,https://github.com/luontola/retrolambda,3527,2013-07-20T07:25:22Z,2023-09-26T15:12:04Z,4632,12.6817,912
andremion/Music-Player,Music-Player,andremion,https://github.com/andremion/Music-Player,3523,2016-05-06T21:55:37Z,2018-12-02T04:16:31Z,3610,9.8836,2671
rom1v/sndcpy,sndcpy,rom1v,https://github.com/rom1v/sndcpy,3519,2020-06-09T19:36:57Z,2023-12-06T19:00:29Z,2116,5.7933,841
lenve/JavaEETest,JavaEETest,lenve,https://github.com/lenve/JavaEETest,3514,2016-12-13T02:13:58Z,2023-05-14T10:12:03Z,3390,9.2813,1047
eclipse-openj9/openj9,openj9,eclipse-openj9,https://github.com/eclipse-openj9/openj9,3509,2017-08-25T13:46:07Z,2026-03-26T19:31:30Z,3135,8.5832,0
nageoffer/12306,12306,nageoffer,https://github.com/nageoffer/12306,3508,2023-05-30T04:08:28Z,2026-03-12T14:46:36Z,1031,2.8227,14
lsjwzh/RecyclerViewPager,RecyclerViewPager,lsjwzh,https://github.com/lsjwzh/RecyclerViewPager,3506,2015-01-17T18:30:34Z,2021-03-11T10:48:00Z,4086,11.1869,1841
Aefyr/SAI,SAI,Aefyr,https://github.com/Aefyr/SAI,3506,2018-12-14T19:22:27Z,2024-06-03T21:59:10Z,2659,7.2799,660
nytimes/Store,Store,nytimes,https://github.com/nytimes/Store,3503,2016-11-29T20:17:11Z,2019-12-06T21:32:10Z,3403,9.3169,2301
baoyongzhang/SwipeMenuListView,SwipeMenuListView,baoyongzhang,https://github.com/baoyongzhang/SwipeMenuListView,3501,2014-08-24T15:40:45Z,2022-09-08T07:08:01Z,4232,11.5866,1295
codeestX/GeekNews,GeekNews,codeestX,https://github.com/codeestX/GeekNews,3500,2016-08-07T14:56:56Z,2018-08-25T11:26:10Z,3518,9.6318,2770
apache/incubator-kie-optaplanner,incubator-kie-optaplanner,apache,https://github.com/apache/incubator-kie-optaplanner,3490,2011-02-15T19:38:23Z,2026-03-26T15:58:18Z,5518,15.1075,0
Athou/commafeed,commafeed,Athou,https://github.com/Athou/commafeed,3488,2013-03-20T19:32:09Z,2026-03-26T18:20:44Z,4754,13.0157,0
KingJA/LoadSir,LoadSir,KingJA,https://github.com/KingJA/LoadSir,3486,2017-09-02T08:32:15Z,2020-12-26T03:23:03Z,3127,8.5613,1916
getActivity/Toaster,Toaster,getActivity,https://github.com/getActivity/Toaster,3480,2018-09-16T05:28:57Z,2026-02-04T11:17:03Z,2748,7.5236,50
phodal/migration,migration,phodal,https://github.com/phodal/migration,3477,2020-01-08T02:11:38Z,2021-08-12T08:05:53Z,2269,6.2122,1687
ittianyu/BottomNavigationViewEx,BottomNavigationViewEx,ittianyu,https://github.com/ittianyu/BottomNavigationViewEx,3474,2016-11-12T08:39:38Z,2024-04-21T20:10:20Z,3421,9.3662,703
WinterChenS/my-site,my-site,WinterChenS,https://github.com/WinterChenS/my-site,3474,2018-05-03T09:05:37Z,2026-03-23T02:43:17Z,2884,7.896,3
